Market,Date,Grade,Arrivals,Unit,Min,Max,Modal
BANGARPET,02/01/2020,AVERAGE,1,Quintal,1500.0,1800.0,1600.0
,10/01/2020,AVERAGE,1,Quintal,1200.0,1800.0,1400.0
,13/01/2020,AVERAGE,1,Quintal,1200.0,1500.0,1300.0
,20/01/2020,AVERAGE,2,Quintal,1500.0,2000.0,1800.0
,22/01/2020,AVERAGE,1,Quintal,1500.0,2000.0,1800.0
,23/01/2020,AVERAGE,1,Quintal,1500.0,2000.0,1800.0
,24/01/2020,AVERAGE,1,Quintal,1100.0,1600.0,1200.0
,25/01/2020,AVERAGE,2,Quintal,1200.0,1800.0,1400.0
,28/01/2020,AVERAGE,1,Quintal,1300.0,1800.0,1600.0
Sub Total,Sub Total,Sub Total,11,,,,
BINNY MILL (F&V),01/01/2020,AVERAGE,62,Quintal,2600.0,3000.0,2800.0
,02/01/2020,AVERAGE,53,Quintal,2800.0,3200.0,3000.0
,03/01/2020,AVERAGE,39,Quintal,2600.0,3000.0,2800.0
,04/01/2020,AVERAGE,71,Quintal,2600.0,3000.0,2800.0
,06/01/2020,AVERAGE,126,Quintal,2800.0,3200.0,3000.0
,07/01/2020,AVERAGE,122,Quintal,2600.0,3000.0,2800.0
,08/01/2020,AVERAGE,65,Quintal,2400.0,2800.0,2600.0
,09/01/2020,AVERAGE,69,Quintal,2600.0,2800.0,2700.0
,10/01/2020,AVERAGE,139,Quintal,2200.0,2800.0,2500.0
,13/01/2020,AVERAGE,105,Quintal,2800.0,3000.0,2900.0
,14/01/2020,AVERAGE,82,Quintal,2600.0,3000.0,2800.0
,16/01/2020,AVERAGE,98,Quintal,2400.0,3000.0,2800.0
,17/01/2020,AVERAGE,73,Quintal,2400.0,2800.0,2600.0
,18/01/2020,AVERAGE,68,Quintal,2200.0,2600.0,2400.0
,20/01/2020,AVERAGE,85,Quintal,2000.0,2600.0,2300.0
,21/01/2020,AVERAGE,58,Quintal,2000.0,2400.0,2200.0
,22/01/2020,AVERAGE,60,Quintal,2200.0,2600.0,2400.0
,23/01/2020,AVERAGE,98,Quintal,2400.0,2800.0,2600.0
,24/01/2020,AVERAGE,102,Quintal,2400.0,2800.0,2600.0
,27/01/2020,AVERAGE,143,Quintal,2600.0,2800.0,2700.0
,28/01/2020,AVERAGE,89,Quintal,2400.0,2800.0,2600.0
,29/01/2020,AVERAGE,104,Quintal,2400.0,2800.0,2600.0
,30/01/2020,AVERAGE,74,Quintal,2400.0,2800.0,2600.0
,31/01/2020,AVERAGE,86,Quintal,2000.0,2600.0,2300.0
Sub Total,Sub Total,Sub Total,2071,,,,
C.R.PATNA,02/01/2020,AVERAGE,3,Quintal,3000.0,3000.0,3000.0
,09/01/2020,AVERAGE,4,Quintal,2500.0,2500.0,2500.0
Sub Total,Sub Total,Sub Total,7,,,,
CHICKBALLAPUR,01/01/2020,AVERAGE,4,Quintal,1800.0,2200.0,2000.0
,04/01/2020,AVERAGE,32,Quintal,1800.0,2400.0,2000.0
,05/01/2020,AVERAGE,58,Quintal,1800.0,2300.0,2000.0
,06/01/2020,AVERAGE,15,Quintal,1800.0,2300.0,2000.0
,07/01/2020,AVERAGE,58,Quintal,1800.0,2000.0,1850.0
,08/01/2020,AVERAGE,32,Quintal,1800.0,2000.0,1900.0
,10/01/2020,AVERAGE,61,Quintal,1500.0,1800.0,1600.0
,11/01/2020,AVERAGE,31,Quintal,1800.0,2300.0,2000.0
,12/01/2020,AVERAGE,60,Quintal,1800.0,2200.0,2000.0
,13/01/2020,AVERAGE,55,Quintal,1800.0,2000.0,1900.0
,14/01/2020,AVERAGE,25,Quintal,1800.0,2000.0,1900.0
,15/01/2020,AVERAGE,16,Quintal,1800.0,2000.0,1900.0
,17/01/2020,AVERAGE,3,Quintal,2000.0,3200.0,3000.0
,18/01/2020,AVERAGE,10,Quintal,2000.0,3000.0,2500.0
,19/01/2020,AVERAGE,60,Quintal,1500.0,2000.0,1800.0
,20/01/2020,AVERAGE,47,Quintal,1500.0,2000.0,1800.0
,21/01/2020,AVERAGE,57,Quintal,1500.0,1800.0,1700.0
,22/01/2020,AVERAGE,18,Quintal,1500.0,1900.0,1800.0
,24/01/2020,AVERAGE,46,Quintal,1500.0,2000.0,1600.0
,25/01/2020,AVERAGE,40,Quintal,1500.0,1800.0,1700.0
,26/01/2020,AVERAGE,45,Quintal,1600.0,2000.0,1800.0
,27/01/2020,AVERAGE,12,Quintal,1600.0,2000.0,1800.0
,28/01/2020,AVERAGE,55,Quintal,1700.0,2000.0,1800.0
,29/01/2020,AVERAGE,55,Quintal,1800.0,2000.0,1850.0
,31/01/2020,AVERAGE,31,Quintal,1800.0,2000.0,1850.0
Sub Total,Sub Total,Sub Total,926,,,,
DAVANAGERE,03/01/2020,AVERAGE,30,Quintal,2500.0,3000.0,2750.0
,10/01/2020,AVERAGE,30,Quintal,2500.0,3000.0,2750.0
,17/01/2020,AVERAGE,30,Quintal,2500.0,3000.0,2750.0
,24/01/2020,AVERAGE,30,Quintal,2500.0,3000.0,2750.0
,31/01/2020,AVERAGE,35,Quintal,2500.0,3000.0,2750.0
Sub Total,Sub Total,Sub Total,155,,,,
KOLAR,02/01/2020,AVERAGE,52,Quintal,2000.0,2500.0,2300.0
,03/01/2020,AVERAGE,60,Quintal,2000.0,2200.0,2100.0
,06/01/2020,AVERAGE,97,Quintal,2000.0,2200.0,2100.0
,07/01/2020,AVERAGE,79,Quintal,2000.0,2200.0,2100.0
,08/01/2020,AVERAGE,60,Quintal,1800.0,2000.0,1900.0
,09/01/2020,AVERAGE,55,Quintal,1800.0,2400.0,2000.0
,10/01/2020,AVERAGE,85,Quintal,1500.0,2000.0,1700.0
,12/01/2020,AVERAGE,37,Quintal,1500.0,2000.0,1700.0
,13/01/2020,AVERAGE,55,Quintal,1500.0,1800.0,1600.0
,14/01/2020,AVERAGE,65,Quintal,1200.0,1800.0,1400.0
,15/01/2020,AVERAGE,25,Quintal,1800.0,2000.0,1900.0
,17/01/2020,AVERAGE,30,Quintal,2000.0,2200.0,2100.0
,19/01/2020,AVERAGE,117,Quintal,2000.0,2200.0,2100.0
,20/01/2020,AVERAGE,56,Quintal,2000.0,2200.0,2100.0
,21/01/2020,AVERAGE,80,Quintal,1500.0,2000.0,1700.0
,22/01/2020,AVERAGE,79,Quintal,1500.0,2000.0,1700.0
,23/01/2020,AVERAGE,89,Quintal,1400.0,1600.0,1500.0
,24/01/2020,AVERAGE,45,Quintal,1000.0,1500.0,1300.0
,26/01/2020,AVERAGE,138,Quintal,1500.0,2000.0,1700.0
,27/01/2020,AVERAGE,65,Quintal,1500.0,2000.0,1700.0
,28/01/2020,AVERAGE,67,Quintal,2000.0,2200.0,2100.0
,29/01/2020,AVERAGE,78,Quintal,1500.0,2000.0,1800.0
,30/01/2020,AVERAGE,35,Quintal,1000.0,1500.0,1300.0
,31/01/2020,AVERAGE,55,Quintal,2000.0,2200.0,2100.0
Sub Total,Sub Total,Sub Total,1604,,,,
MALUR,10/01/2020,AVERAGE,33,Quintal,1300.0,1800.0,1515.0
,21/01/2020,AVERAGE,48,Quintal,1800.0,2200.0,1980.0
,22/01/2020,AVERAGE,3750,Quintal,600.0,900.0,800.0
,27/01/2020,AVERAGE,25,Quintal,1800.0,2200.0,2000.0
,31/01/2020,AVERAGE,330,Quintal,1500.0,2000.0,1800.0
Sub Total,Sub Total,Sub Total,4186,,,,
MYSURU,01/01/2020,AVERAGE,55,Quintal,2400.0,2600.0,2500.0
,02/01/2020,AVERAGE,65,Quintal,2400.0,2600.0,2500.0
,03/01/2020,AVERAGE,57,Quintal,2400.0,2600.0,2500.0
,05/01/2020,AVERAGE,63,Quintal,2400.0,2600.0,2500.0
,06/01/2020,AVERAGE,58,Quintal,2000.0,2600.0,2400.0
,07/01/2020,AVERAGE,15,Quintal,2400.0,2600.0,2500.0
,08/01/2020,AVERAGE,56,Quintal,2400.0,2600.0,2500.0
,09/01/2020,AVERAGE,61,Quintal,2200.0,2400.0,2300.0
,10/01/2020,AVERAGE,55,Quintal,2200.0,2400.0,2350.0
,12/01/2020,AVERAGE,63,Quintal,2000.0,2200.0,2100.0
,13/01/2020,AVERAGE,58,Quintal,2000.0,2200.0,2150.0
,14/01/2020,AVERAGE,68,Quintal,1800.0,2000.0,1950.0
,15/01/2020,AVERAGE,60,Quintal,1800.0,2000.0,1900.0
,16/01/2020,AVERAGE,64,Quintal,1800.0,2000.0,1950.0
,17/01/2020,AVERAGE,59,Quintal,1800.0,2000.0,1950.0
,19/01/2020,AVERAGE,67,Quintal,1800.0,2000.0,1950.0
,20/01/2020,AVERAGE,59,Quintal,1800.0,2000.0,1900.0
,23/01/2020,AVERAGE,70,Quintal,1600.0,1800.0,1750.0
,24/01/2020,AVERAGE,65,Quintal,1600.0,1800.0,1750.0
,26/01/2020,AVERAGE,74,Quintal,1600.0,1800.0,1750.0
,27/01/2020,AVERAGE,69,Quintal,1800.0,2000.0,1900.0
,28/01/2020,AVERAGE,70,Quintal,1800.0,2000.0,1900.0
,29/01/2020,AVERAGE,60,Quintal,1800.0,2000.0,1900.0
,30/01/2020,AVERAGE,68,Quintal,1800.0,2000.0,1900.0
,31/01/2020,AVERAGE,57,Quintal,1800.0,2000.0,1950.0
Sub Total,Sub Total,Sub Total,1516,,,,
UDIPI,01/01/2020,AVERAGE,10,Quintal,3600.0,4000.0,3800.0
,08/01/2020,AVERAGE,15,Quintal,2800.0,3400.0,3200.0
,22/01/2020,AVERAGE,21,Quintal,2600.0,3000.0,2800.0
,29/01/2020,AVERAGE,12,Quintal,3500.0,4000.0,3800.0
Sub Total,Sub Total,Sub Total,58,,,,
,,Grand Total,10534,,,,
BANGARPET,10/02/2020,AVERAGE,1,Quintal,1200.0,1500.0,1300.0
,11/02/2020,AVERAGE,3,Quintal,1200.0,1800.0,1500.0
,12/02/2020,AVERAGE,3,Quintal,1200.0,1500.0,1400.0
,18/02/2020,AVERAGE,1,Quintal,800.0,1000.0,900.0
,20/02/2020,AVERAGE,2,Quintal,500.0,800.0,600.0
,24/02/2020,AVERAGE,2,Quintal,1000.0,1300.0,1200.0
,25/02/2020,AVERAGE,1,Quintal,800.0,1000.0,920.0
,28/02/2020,AVERAGE,1,Quintal,500.0,800.0,600.0
Sub Total,Sub Total,Sub Total,14,,,,
BINNY MILL (F&V),01/02/2020,AVERAGE,63,Quintal,2000.0,2600.0,2300.0
,03/02/2020,AVERAGE,69,Quintal,2400.0,3000.0,2600.0
,04/02/2020,AVERAGE,128,Quintal,2200.0,2600.0,2400.0
,05/02/2020,AVERAGE,112,Quintal,2200.0,2600.0,2400.0
,06/02/2020,AVERAGE,104,Quintal,2000.0,2600.0,2300.0
,07/02/2020,AVERAGE,120,Quintal,2200.0,2600.0,2400.0
,10/02/2020,AVERAGE,114,Quintal,2000.0,2400.0,2200.0
,11/02/2020,AVERAGE,121,Quintal,2000.0,2400.0,2200.0
,12/02/2020,AVERAGE,84,Quintal,2200.0,2400.0,2300.0
,13/02/2020,AVERAGE,86,Quintal,2000.0,2400.0,2200.0
,14/02/2020,AVERAGE,116,Quintal,2200.0,2400.0,2300.0
,15/02/2020,AVERAGE,51,Quintal,2200.0,2500.0,2300.0
,17/02/2020,AVERAGE,79,Quintal,2000.0,2200.0,2100.0
,18/02/2020,AVERAGE,71,Quintal,2200.0,2400.0,2300.0
,19/02/2020,AVERAGE,124,Quintal,2000.0,2400.0,2200.0
,20/02/2020,AVERAGE,123,Quintal,3000.0,4000.0,3500.0
,24/02/2020,AVERAGE,163,Quintal,2000.0,2400.0,2200.0
,25/02/2020,AVERAGE,66,Quintal,2000.0,2400.0,2200.0
,26/02/2020,AVERAGE,104,Quintal,2000.0,2400.0,2200.0
,27/02/2020,AVERAGE,178,Quintal,1400.0,2000.0,1800.0
,28/02/2020,AVERAGE,94,Quintal,1500.0,2000.0,1800.0
,29/02/2020,AVERAGE,133,Quintal,1400.0,1800.0,1600.0
Sub Total,Sub Total,Sub Total,2303,,,,
C.R.PATNA,08/02/2020,AVERAGE,3,Quintal,4000.0,4000.0,4000.0
,14/02/2020,AVERAGE,6,Quintal,2000.0,2000.0,2000.0
,19/02/2020,AVERAGE,4,Quintal,2000.0,2000.0,2000.0
Sub Total,Sub Total,Sub Total,13,,,,
CHICKBALLAPUR,01/02/2020,AVERAGE,25,Quintal,1500.0,2000.0,1900.0
,02/02/2020,AVERAGE,37,Quintal,1800.0,2200.0,2000.0
,03/02/2020,AVERAGE,20,Quintal,1800.0,2200.0,2000.0
,04/02/2020,AVERAGE,26,Quintal,2000.0,2300.0,2200.0
,05/02/2020,AVERAGE,25,Quintal,1800.0,2300.0,2000.0
,07/02/2020,AVERAGE,71,Quintal,1800.0,2200.0,2000.0
,08/02/2020,AVERAGE,77,Quintal,1600.0,2200.0,2000.0
,09/02/2020,AVERAGE,80,Quintal,1600.0,2000.0,1800.0
,11/02/2020,AVERAGE,81,Quintal,1800.0,2200.0,2000.0
,12/02/2020,AVERAGE,35,Quintal,1600.0,2200.0,2000.0
,14/02/2020,AVERAGE,57,Quintal,1500.0,1800.0,1600.0
,15/02/2020,AVERAGE,69,Quintal,1500.0,1800.0,1750.0
,16/02/2020,AVERAGE,96,Quintal,800.0,1400.0,1000.0
,17/02/2020,AVERAGE,96,Quintal,800.0,1400.0,1000.0
,18/02/2020,AVERAGE,6,Quintal,1800.0,2000.0,1850.0
,19/02/2020,AVERAGE,116,Quintal,600.0,1000.0,850.0
,21/02/2020,AVERAGE,32,Quintal,1000.0,1800.0,1500.0
,22/02/2020,AVERAGE,20,Quintal,1000.0,1400.0,1200.0
,23/02/2020,AVERAGE,65,Quintal,800.0,1200.0,1000.0
,24/02/2020,AVERAGE,86,Quintal,800.0,1200.0,1000.0
,25/02/2020,AVERAGE,117,Quintal,500.0,800.0,700.0
,26/02/2020,AVERAGE,44,Quintal,500.0,800.0,550.0
,28/02/2020,AVERAGE,49,Quintal,1000.0,1200.0,1000.0
,29/02/2020,AVERAGE,85,Quintal,800.0,1200.0,1000.0
Sub Total,Sub Total,Sub Total,1415,,,,
DAVANAGERE,07/02/2020,AVERAGE,30,Quintal,2500.0,3000.0,2750.0
,13/02/2020,AVERAGE,30,Quintal,1500.0,2500.0,2000.0
,20/02/2020,AVERAGE,30,Quintal,2000.0,2200.0,2100.0
,28/02/2020,AVERAGE,30,Quintal,1500.0,2000.0,1750.0
Sub Total,Sub Total,Sub Total,120,,,,
KOLAR,02/02/2020,AVERAGE,86,Quintal,2000.0,2500.0,2300.0
,03/02/2020,AVERAGE,75,Quintal,1500.0,2000.0,1700.0
,04/02/2020,AVERAGE,95,Quintal,1500.0,2000.0,1700.0
,05/02/2020,AVERAGE,65,Quintal,1500.0,2000.0,1700.0
,06/02/2020,AVERAGE,80,Quintal,1500.0,2000.0,1700.0
,07/02/2020,AVERAGE,59,Quintal,1000.0,1500.0,1300.0
,09/02/2020,AVERAGE,75,Quintal,1500.0,2000.0,1800.0
,10/02/2020,AVERAGE,75,Quintal,1500.0,2000.0,1700.0
,11/02/2020,AVERAGE,76,Quintal,1500.0,2000.0,1700.0
,12/02/2020,AVERAGE,107,Quintal,2000.0,2200.0,2100.0
,13/02/2020,AVERAGE,53,Quintal,1500.0,2000.0,1700.0
,14/02/2020,AVERAGE,83,Quintal,1000.0,1500.0,1300.0
,16/02/2020,AVERAGE,147,Quintal,1000.0,1200.0,1100.0
,17/02/2020,AVERAGE,115,Quintal,1000.0,1300.0,1200.0
,18/02/2020,AVERAGE,90,Quintal,1000.0,1200.0,1100.0
,19/02/2020,AVERAGE,60,Quintal,800.0,1000.0,900.0
,20/02/2020,AVERAGE,67,Quintal,600.0,1000.0,800.0
,21/02/2020,AVERAGE,30,Quintal,600.0,1000.0,800.0
,23/02/2020,AVERAGE,48,Quintal,500.0,800.0,650.0
,24/02/2020,AVERAGE,55,Quintal,1200.0,1500.0,1300.0
,25/02/2020,AVERAGE,72,Quintal,1000.0,1200.0,1100.0
,26/02/2020,AVERAGE,83,Quintal,1000.0,1200.0,1100.0
,27/02/2020,AVERAGE,81,Quintal,800.0,1200.0,1100.0
,28/02/2020,AVERAGE,104,Quintal,600.0,1000.0,800.0
Sub Total,Sub Total,Sub Total,1881,,,,
MALUR,06/02/2020,AVERAGE,40,Quintal,1800.0,2200.0,2000.0
,15/02/2020,AVERAGE,430,Quintal,2000.0,2300.0,2100.0
,18/02/2020,AVERAGE,126,Quintal,800.0,1200.0,1041.0
,26/02/2020,AVERAGE,658,Quintal,1000.0,1200.0,1100.0
,29/02/2020,AVERAGE,290,Quintal,1600.0,1900.0,1700.0
Sub Total,Sub Total,Sub Total,1544,,,,
MYSURU,02/02/2020,AVERAGE,65,Quintal,1800.0,2000.0,1950.0
,03/02/2020,AVERAGE,63,Quintal,1800.0,2000.0,1900.0
,04/02/2020,AVERAGE,71,Quintal,1800.0,2000.0,1900.0
,05/02/2020,AVERAGE,65,Quintal,1800.0,2000.0,1950.0
,06/02/2020,AVERAGE,70,Quintal,1800.0,2000.0,1900.0
,07/02/2020,AVERAGE,64,Quintal,1800.0,2000.0,1900.0
,09/02/2020,AVERAGE,72,Quintal,1800.0,2000.0,1950.0
,10/02/2020,AVERAGE,59,Quintal,1600.0,1800.0,1750.0
,11/02/2020,AVERAGE,15,Quintal,1600.0,1800.0,1750.0
,12/02/2020,AVERAGE,62,Quintal,1600.0,1800.0,1750.0
,13/02/2020,AVERAGE,67,Quintal,1300.0,1500.0,1450.0
,14/02/2020,AVERAGE,57,Quintal,1300.0,1500.0,1450.0
,16/02/2020,AVERAGE,72,Quintal,1300.0,1500.0,1450.0
,17/02/2020,AVERAGE,65,Quintal,1300.0,1500.0,1450.0
,18/02/2020,AVERAGE,71,Quintal,1300.0,1500.0,1450.0
,19/02/2020,AVERAGE,61,Quintal,1300.0,1500.0,1450.0
,20/02/2020,AVERAGE,68,Quintal,600.0,800.0,700.0
,21/02/2020,AVERAGE,62,Quintal,1200.0,1400.0,1300.0
,23/02/2020,AVERAGE,71,Quintal,1200.0,1400.0,1350.0
,24/02/2020,AVERAGE,75,Quintal,1200.0,1400.0,1300.0
,25/02/2020,AVERAGE,65,Quintal,1200.0,1400.0,1350.0
,26/02/2020,AVERAGE,60,Quintal,1200.0,1400.0,1350.0
,27/02/2020,AVERAGE,65,Quintal,1100.0,1300.0,1250.0
,28/02/2020,AVERAGE,60,Quintal,1000.0,1200.0,1100.0
Sub Total,Sub Total,Sub Total,1525,,,,
UDIPI,05/02/2020,AVERAGE,14,Quintal,2400.0,3000.0,2800.0
,12/02/2020,AVERAGE,15,Quintal,2800.0,3000.0,2900.0
,19/02/2020,AVERAGE,20,Quintal,2000.0,2400.0,2200.0
,26/02/2020,AVERAGE,18,Quintal,2000.0,2400.0,2200.0
Sub Total,Sub Total,Sub Total,67,,,,
,,Grand Total,8882,,,,
BANGARPET,23/03/2020,AVERAGE,2,Quintal,300.0,500.0,350.0
Sub Total,Sub Total,Sub Total,2,,,,
BINNY MILL (F&V),02/03/2020,AVERAGE,101,Quintal,1600.0,2000.0,1800.0
,03/03/2020,AVERAGE,136,Quintal,1600.0,2200.0,1800.0
,04/03/2020,AVERAGE,76,Quintal,1800.0,2200.0,2000.0
,05/03/2020,AVERAGE,81,Quintal,1600.0,2000.0,1800.0
,06/03/2020,AVERAGE,105,Quintal,1500.0,2000.0,1800.0
,07/03/2020,AVERAGE,85,Quintal,1800.0,2200.0,2000.0
,09/03/2020,AVERAGE,146,Quintal,1800.0,2200.0,2000.0
,10/03/2020,AVERAGE,121,Quintal,2000.0,2400.0,2200.0
,11/03/2020,AVERAGE,85,Quintal,1600.0,2200.0,2000.0
,12/03/2020,AVERAGE,128,Quintal,1800.0,2200.0,2000.0
,13/03/2020,AVERAGE,58,Quintal,1800.0,2200.0,2000.0
,16/03/2020,AVERAGE,58,Quintal,1800.0,2200.0,2000.0
,17/03/2020,AVERAGE,94,Quintal,1800.0,2200.0,2000.0
,18/03/2020,AVERAGE,118,Quintal,1600.0,2000.0,1800.0
,19/03/2020,AVERAGE,120,Quintal,1800.0,2200.0,2000.0
,20/03/2020,AVERAGE,70,Quintal,1800.0,2200.0,2000.0
,21/03/2020,AVERAGE,76,Quintal,1800.0,2200.0,2000.0
Sub Total,Sub Total,Sub Total,1658,,,,
CHICKBALLAPUR,01/03/2020,AVERAGE,58,Quintal,800.0,1000.0,950.0
,02/03/2020,AVERAGE,55,Quintal,800.0,1000.0,900.0
,03/03/2020,AVERAGE,43,Quintal,800.0,1200.0,1000.0
,04/03/2020,AVERAGE,45,Quintal,800.0,1000.0,900.0
,06/03/2020,AVERAGE,151,Quintal,800.0,1000.0,900.0
,07/03/2020,AVERAGE,119,Quintal,800.0,1000.0,900.0
,08/03/2020,AVERAGE,86,Quintal,800.0,1200.0,1000.0
,09/03/2020,AVERAGE,65,Quintal,800.0,1000.0,900.0
,10/03/2020,AVERAGE,78,Quintal,800.0,1000.0,850.0
,11/03/2020,AVERAGE,65,Quintal,800.0,1000.0,900.0
,13/03/2020,AVERAGE,142,Quintal,600.0,800.0,700.0
,14/03/2020,AVERAGE,91,Quintal,700.0,800.0,750.0
,15/03/2020,AVERAGE,62,Quintal,600.0,800.0,700.0
,16/03/2020,AVERAGE,39,Quintal,700.0,800.0,750.0
,17/03/2020,AVERAGE,55,Quintal,800.0,1000.0,900.0
,18/03/2020,AVERAGE,64,Quintal,800.0,1000.0,900.0
,20/03/2020,AVERAGE,130,Quintal,800.0,1200.0,1000.0
,21/03/2020,AVERAGE,49,Quintal,800.0,1000.0,900.0
,22/03/2020,AVERAGE,49,Quintal,800.0,1000.0,900.0
,23/03/2020,AVERAGE,87,Quintal,1000.0,1300.0,1200.0
,24/03/2020,AVERAGE,106,Quintal,800.0,1000.0,900.0
,28/03/2020,AVERAGE,23,Quintal,800.0,900.0,850.0
,29/03/2020,AVERAGE,20,Quintal,800.0,1000.0,900.0
,30/03/2020,AVERAGE,30,Quintal,800.0,900.0,850.0
,31/03/2020,AVERAGE,70,Quintal,700.0,800.0,750.0
Sub Total,Sub Total,Sub Total,1782,,,,
CHINTAMANI,31/03/2020,AVERAGE,10,Quintal,1500.0,2000.0,1800.0
Sub Total,Sub Total,Sub Total,10,,,,
DAVANAGERE,06/03/2020,AVERAGE,30,Quintal,1500.0,2200.0,1850.0
,13/03/2020,AVERAGE,30,Quintal,1500.0,2000.0,1750.0
,20/03/2020,AVERAGE,30,Quintal,1200.0,1500.0,1350.0
,27/03/2020,AVERAGE,20,Quintal,1500.0,2000.0,1750.0
Sub Total,Sub Total,Sub Total,110,,,,
KOLAR,01/03/2020,AVERAGE,116,Quintal,600.0,1000.0,800.0
,02/03/2020,AVERAGE,77,Quintal,800.0,1000.0,900.0
,03/03/2020,AVERAGE,55,Quintal,800.0,1000.0,900.0
,04/03/2020,AVERAGE,75,Quintal,800.0,1200.0,1100.0
,05/03/2020,AVERAGE,74,Quintal,700.0,1000.0,900.0
,06/03/2020,AVERAGE,70,Quintal,800.0,1000.0,900.0
,08/03/2020,AVERAGE,100,Quintal,800.0,1000.0,900.0
,09/03/2020,AVERAGE,75,Quintal,800.0,1000.0,900.0
,10/03/2020,AVERAGE,57,Quintal,600.0,1000.0,800.0
,11/03/2020,AVERAGE,102,Quintal,600.0,1000.0,800.0
,12/03/2020,AVERAGE,67,Quintal,600.0,1000.0,800.0
,13/03/2020,AVERAGE,87,Quintal,600.0,1000.0,800.0
,15/03/2020,AVERAGE,96,Quintal,600.0,1000.0,800.0
,16/03/2020,AVERAGE,60,Quintal,600.0,1000.0,800.0
,17/03/2020,AVERAGE,77,Quintal,800.0,1000.0,900.0
,18/03/2020,AVERAGE,83,Quintal,600.0,800.0,700.0
,19/03/2020,AVERAGE,80,Quintal,600.0,800.0,700.0
,20/03/2020,AVERAGE,45,Quintal,600.0,1000.0,800.0
,23/03/2020,AVERAGE,66,Quintal,800.0,1200.0,1000.0
,25/03/2020,AVERAGE,52,Quintal,800.0,1000.0,900.0
,26/03/2020,AVERAGE,35,Quintal,600.0,800.0,700.0
,27/03/2020,AVERAGE,40,Quintal,800.0,1200.0,1000.0
,29/03/2020,AVERAGE,103,Quintal,1000.0,1200.0,1100.0
,30/03/2020,AVERAGE,81,Quintal,600.0,700.0,650.0
,31/03/2020,AVERAGE,96,Quintal,600.0,1000.0,800.0
Sub Total,Sub Total,Sub Total,1869,,,,
MALUR,03/03/2020,AVERAGE,40,Quintal,800.0,1400.0,1000.0
,04/03/2020,AVERAGE,48,Quintal,800.0,1300.0,1000.0
,06/03/2020,AVERAGE,30,Quintal,900.0,1200.0,1000.0
,13/03/2020,AVERAGE,2460,Quintal,1000.0,1200.0,1100.0
,21/03/2020,AVERAGE,500,Quintal,800.0,1100.0,1000.0
,30/03/2020,AVERAGE,50,Quintal,800.0,1200.0,1000.0
,31/03/2020,AVERAGE,30,Quintal,800.0,1200.0,1000.0
Sub Total,Sub Total,Sub Total,3158,,,,
MYSURU,01/03/2020,AVERAGE,68,Quintal,1000.0,1200.0,1150.0
,02/03/2020,AVERAGE,57,Quintal,1000.0,1200.0,1150.0
,03/03/2020,AVERAGE,65,Quintal,1000.0,1200.0,1100.0
,04/03/2020,AVERAGE,58,Quintal,1000.0,1200.0,1100.0
,05/03/2020,AVERAGE,65,Quintal,800.0,1000.0,900.0
,06/03/2020,AVERAGE,52,Quintal,800.0,1000.0,900.0
,08/03/2020,AVERAGE,57,Quintal,800.0,1000.0,900.0
,09/03/2020,AVERAGE,43,Quintal,800.0,1000.0,900.0
,10/03/2020,AVERAGE,48,Quintal,1000.0,1200.0,1100.0
,11/03/2020,AVERAGE,40,Quintal,1000.0,1200.0,1100.0
,12/03/2020,AVERAGE,48,Quintal,1000.0,1200.0,1100.0
,13/03/2020,AVERAGE,41,Quintal,800.0,1000.0,900.0
,15/03/2020,AVERAGE,47,Quintal,1000.0,1300.0,1150.0
,16/03/2020,AVERAGE,37,Quintal,1100.0,1300.0,1150.0
,17/03/2020,AVERAGE,42,Quintal,1050.0,1300.0,1100.0
,18/03/2020,AVERAGE,35,Quintal,1100.0,1300.0,1250.0
,19/03/2020,AVERAGE,40,Quintal,1100.0,1300.0,1200.0
,20/03/2020,AVERAGE,32,Quintal,1100.0,1300.0,1200.0
,23/03/2020,AVERAGE,9,Quintal,1100.0,1300.0,1200.0
,24/03/2020,AVERAGE,8,Quintal,1100.0,1300.0,1200.0
,26/03/2020,AVERAGE,8,Quintal,1300.0,1500.0,1400.0
,27/03/2020,AVERAGE,15,Quintal,1300.0,1500.0,1450.0
,29/03/2020,AVERAGE,10,Quintal,1100.0,1300.0,1200.0
,31/03/2020,AVERAGE,9,Quintal,1300.0,1500.0,1400.0
Sub Total,Sub Total,Sub Total,934,,,,
UDIPI,04/03/2020,AVERAGE,28,Quintal,1800.0,2000.0,1900.0
,11/03/2020,AVERAGE,22,Quintal,1600.0,2000.0,1800.0
,18/03/2020,AVERAGE,33,Quintal,1400.0,1800.0,1600.0
Sub Total,Sub Total,Sub Total,83,,,,
,,Grand Total,9606,,,,
BALLARI,09/04/2020,AVERAGE,6,Quintal,1500.0,2000.0,1700.0
,11/04/2020,AVERAGE,3,Quintal,2200.0,2800.0,2500.0
,23/04/2020,AVERAGE,30,Quintal,2000.0,2500.0,2300.0
,27/04/2020,AVERAGE,6,Quintal,2000.0,2500.0,2300.0
,28/04/2020,AVERAGE,9,Quintal,2000.0,2500.0,2300.0
,29/04/2020,AVERAGE,8,Quintal,2500.0,3000.0,2700.0
,30/04/2020,AVERAGE,6,Quintal,2000.0,2500.0,2300.0
Sub Total,Sub Total,Sub Total,68,,,,
BANGARPET,06/04/2020,AVERAGE,1,Quintal,600.0,700.0,650.0
,13/04/2020,AVERAGE,2,Quintal,600.0,1000.0,800.0
,16/04/2020,AVERAGE,2,Quintal,300.0,500.0,400.0
,22/04/2020,AVERAGE,1,Quintal,800.0,1000.0,900.0
,26/04/2020,AVERAGE,2,Quintal,600.0,800.0,700.0
Sub Total,Sub Total,Sub Total,8,,,,
BINNY MILL (F&V),02/04/2020,AVERAGE,163,Quintal,1500.0,2000.0,1800.0
,03/04/2020,AVERAGE,127,Quintal,1000.0,1500.0,1200.0
,04/04/2020,AVERAGE,281,Quintal,1000.0,1800.0,1500.0
,07/04/2020,AVERAGE,299,Quintal,800.0,1400.0,1000.0
,08/04/2020,AVERAGE,314,Quintal,900.0,1500.0,1000.0
,09/04/2020,AVERAGE,299,Quintal,1000.0,2200.0,2000.0
,13/04/2020,AVERAGE,235,Quintal,1000.0,1500.0,1200.0
,15/04/2020,AVERAGE,394,Quintal,900.0,1500.0,1000.0
,16/04/2020,AVERAGE,129,Quintal,800.0,1000.0,900.0
,17/04/2020,AVERAGE,217,Quintal,800.0,1000.0,900.0
,18/04/2020,AVERAGE,229,Quintal,1000.0,1500.0,1200.0
,20/04/2020,AVERAGE,227,Quintal,1000.0,1500.0,1300.0
,21/04/2020,AVERAGE,392,Quintal,800.0,1000.0,900.0
,22/04/2020,AVERAGE,264,Quintal,800.0,1000.0,900.0
,23/04/2020,AVERAGE,650,Quintal,800.0,1000.0,900.0
,24/04/2020,AVERAGE,160,Quintal,800.0,1000.0,900.0
,27/04/2020,AVERAGE,386,Quintal,800.0,1000.0,900.0
,28/04/2020,AVERAGE,385,Quintal,800.0,1000.0,900.0
,29/04/2020,AVERAGE,203,Quintal,700.0,1000.0,900.0
,30/04/2020,AVERAGE,87,Quintal,800.0,1000.0,900.0
Sub Total,Sub Total,Sub Total,5441,,,,
CHICKBALLAPUR,01/04/2020,AVERAGE,62,Quintal,800.0,1000.0,900.0
,03/04/2020,AVERAGE,23,Quintal,800.0,1000.0,900.0
,04/04/2020,AVERAGE,40,Quintal,800.0,1000.0,900.0
,05/04/2020,AVERAGE,50,Quintal,800.0,1000.0,900.0
,06/04/2020,AVERAGE,35,Quintal,500.0,800.0,700.0
,07/04/2020,AVERAGE,40,Quintal,700.0,800.0,750.0
,08/04/2020,AVERAGE,45,Quintal,800.0,1000.0,900.0
,10/04/2020,AVERAGE,100,Quintal,800.0,1000.0,900.0
,11/04/2020,AVERAGE,100,Quintal,500.0,800.0,650.0
,12/04/2020,AVERAGE,110,Quintal,500.0,600.0,550.0
,13/04/2020,AVERAGE,45,Quintal,600.0,800.0,700.0
,14/04/2020,AVERAGE,70,Quintal,700.0,1000.0,850.0
,15/04/2020,AVERAGE,17,Quintal,700.0,900.0,800.0
,17/04/2020,AVERAGE,80,Quintal,600.0,800.0,700.0
,18/04/2020,AVERAGE,50,Quintal,700.0,800.0,750.0
,19/04/2020,AVERAGE,78,Quintal,600.0,800.0,700.0
,20/04/2020,AVERAGE,50,Quintal,700.0,900.0,800.0
,21/04/2020,AVERAGE,50,Quintal,400.0,500.0,450.0
,22/04/2020,AVERAGE,59,Quintal,600.0,800.0,700.0
,24/04/2020,AVERAGE,80,Quintal,700.0,800.0,750.0
,25/04/2020,AVERAGE,65,Quintal,500.0,900.0,700.0
,26/04/2020,AVERAGE,40,Quintal,700.0,800.0,750.0
,27/04/2020,AVERAGE,45,Quintal,700.0,800.0,750.0
,28/04/2020,AVERAGE,50,Quintal,600.0,800.0,700.0
,29/04/2020,AVERAGE,35,Quintal,700.0,800.0,750.0
Sub Total,Sub Total,Sub Total,1419,,,,
CHINTAMANI,01/04/2020,AVERAGE,20,Quintal,1000.0,1500.0,1300.0
,02/04/2020,AVERAGE,8,Quintal,1500.0,1800.0,1600.0
,03/04/2020,AVERAGE,9,Quintal,1600.0,2000.0,1800.0
,04/04/2020,AVERAGE,10,Quintal,1500.0,2000.0,1600.0
,05/04/2020,AVERAGE,5,Quintal,1000.0,1500.0,1200.0
,06/04/2020,AVERAGE,7,Quintal,1000.0,1200.0,1100.0
,07/04/2020,AVERAGE,5,Quintal,1000.0,1500.0,1300.0
,08/04/2020,AVERAGE,5,Quintal,600.0,800.0,700.0
,09/04/2020,AVERAGE,10,Quintal,600.0,800.0,700.0
,10/04/2020,AVERAGE,10,Quintal,400.0,800.0,600.0
,11/04/2020,AVERAGE,15,Quintal,200.0,400.0,300.0
,12/04/2020,AVERAGE,5,Quintal,500.0,800.0,700.0
,13/04/2020,AVERAGE,10,Quintal,200.0,600.0,400.0
,14/04/2020,AVERAGE,10,Quintal,1800.0,2000.0,1900.0
,15/04/2020,AVERAGE,8,Quintal,800.0,1000.0,900.0
,16/04/2020,AVERAGE,5,Quintal,1000.0,1200.0,1100.0
,17/04/2020,AVERAGE,2,Quintal,1000.0,1200.0,1100.0
,18/04/2020,AVERAGE,4,Quintal,800.0,1000.0,900.0
,19/04/2020,AVERAGE,3,Quintal,800.0,1000.0,900.0
,20/04/2020,AVERAGE,5,Quintal,1000.0,1300.0,1100.0
,21/04/2020,AVERAGE,2,Quintal,600.0,1000.0,800.0
,22/04/2020,AVERAGE,2,Quintal,1000.0,1500.0,1300.0
,23/04/2020,AVERAGE,4,Quintal,800.0,1000.0,900.0
,24/04/2020,AVERAGE,5,Quintal,800.0,1000.0,900.0
,25/04/2020,AVERAGE,5,Quintal,1000.0,1200.0,1100.0
,26/04/2020,AVERAGE,5,Quintal,1000.0,1500.0,1250.0
,27/04/2020,AVERAGE,5,Quintal,1000.0,1600.0,1300.0
,28/04/2020,AVERAGE,5,Quintal,1000.0,1200.0,1100.0
,29/04/2020,AVERAGE,5,Quintal,1000.0,1200.0,1100.0
,30/04/2020,AVERAGE,4,Quintal,1000.0,1400.0,1200.0
Sub Total,Sub Total,Sub Total,198,,,,
DAVANAGERE,02/04/2020,AVERAGE,2,Quintal,2500.0,3000.0,2750.0
,03/04/2020,AVERAGE,3,Quintal,1800.0,2500.0,2100.0
,04/04/2020,AVERAGE,2,Quintal,3000.0,3500.0,3300.0
,07/04/2020,AVERAGE,5,Quintal,2500.0,3000.0,2650.0
,08/04/2020,AVERAGE,3,Quintal,2500.0,3000.0,2800.0
,09/04/2020,AVERAGE,4,Quintal,2000.0,2200.0,2100.0
,10/04/2020,AVERAGE,4,Quintal,2000.0,2500.0,2250.0
,11/04/2020,AVERAGE,4,Quintal,2000.0,2500.0,2250.0
,12/04/2020,AVERAGE,5,Quintal,1500.0,1800.0,1650.0
,14/04/2020,AVERAGE,8,Quintal,2200.0,2500.0,2300.0
,15/04/2020,AVERAGE,8,Quintal,2200.0,2500.0,2300.0
,16/04/2020,AVERAGE,6,Quintal,2200.0,2600.0,2400.0
,17/04/2020,AVERAGE,6,Quintal,2000.0,2500.0,2300.0
,18/04/2020,AVERAGE,5,Quintal,2500.0,3000.0,2800.0
,19/04/2020,AVERAGE,6,Quintal,2800.0,3000.0,2900.0
,21/04/2020,AVERAGE,8,Quintal,2800.0,3200.0,3000.0
,22/04/2020,AVERAGE,15,Quintal,2500.0,2800.0,2600.0
,23/04/2020,AVERAGE,15,Quintal,2200.0,2600.0,2400.0
,24/04/2020,AVERAGE,20,Quintal,2400.0,2800.0,2500.0
,25/04/2020,AVERAGE,25,Quintal,2200.0,2600.0,2400.0
,26/04/2020,AVERAGE,30,Quintal,2000.0,2600.0,2400.0
,28/04/2020,AVERAGE,25,Quintal,2500.0,3000.0,2800.0
,29/04/2020,AVERAGE,25,Quintal,2500.0,2800.0,2600.0
,30/04/2020,AVERAGE,20,Quintal,2800.0,3200.0,3000.0
Sub Total,Sub Total,Sub Total,254,,,,
DHARWAR,04/04/2020,AVERAGE,8,Quintal,1000.0,1200.0,1100.0
,05/04/2020,AVERAGE,12,Quintal,1000.0,1300.0,1150.0
,06/04/2020,AVERAGE,28,Quintal,1100.0,1500.0,1300.0
,07/04/2020,AVERAGE,34,Quintal,1100.0,1500.0,1300.0
,08/04/2020,AVERAGE,6,Quintal,1200.0,1500.0,1350.0
,09/04/2020,AVERAGE,25,Quintal,1000.0,1200.0,1100.0
,11/04/2020,AVERAGE,24,Quintal,1200.0,1500.0,1350.0
,12/04/2020,AVERAGE,20,Quintal,1800.0,2000.0,1900.0
,13/04/2020,AVERAGE,12,Quintal,1800.0,3200.0,2500.0
,14/04/2020,AVERAGE,53,Quintal,2000.0,2500.0,2250.0
,15/04/2020,AVERAGE,15,Quintal,1600.0,2000.0,1800.0
,16/04/2020,AVERAGE,53,Quintal,1500.0,2000.0,1750.0
,18/04/2020,AVERAGE,17,Quintal,1500.0,2000.0,1750.0
,19/04/2020,AVERAGE,21,Quintal,2000.0,2000.0,2000.0
,20/04/2020,AVERAGE,11,Quintal,1800.0,2000.0,1900.0
,21/04/2020,AVERAGE,20,Quintal,1800.0,2000.0,1900.0
,22/04/2020,AVERAGE,45,Quintal,2000.0,2500.0,2250.0
,23/04/2020,AVERAGE,7,Quintal,1500.0,2000.0,1750.0
,25/04/2020,AVERAGE,143,Quintal,1500.0,1800.0,1650.0
,26/04/2020,AVERAGE,31,Quintal,1800.0,2250.0,2025.0
,27/04/2020,AVERAGE,2,Quintal,2000.0,2500.0,2250.0
,28/04/2020,AVERAGE,21,Quintal,2500.0,3000.0,2750.0
,29/04/2020,AVERAGE,15,Quintal,2000.0,2500.0,2250.0
,30/04/2020,AVERAGE,26,Quintal,2000.0,2200.0,2100.0
Sub Total,Sub Total,Sub Total,649,,,,
DODDABALLAPUR,01/04/2020,AVERAGE,5,Quintal,2500.0,3000.0,2800.0
,02/04/2020,AVERAGE,2,Quintal,1000.0,2000.0,1800.0
,04/04/2020,AVERAGE,2,Quintal,2000.0,3000.0,2500.0
,05/04/2020,AVERAGE,3,Quintal,2000.0,3000.0,2500.0
,06/04/2020,AVERAGE,3,Quintal,1500.0,2000.0,1800.0
,07/04/2020,AVERAGE,3,Quintal,1500.0,2000.0,1800.0
,08/04/2020,AVERAGE,4,Quintal,1500.0,2000.0,1800.0
,09/04/2020,AVERAGE,3,Quintal,1500.0,2000.0,1800.0
,10/04/2020,AVERAGE,2,Quintal,1500.0,2000.0,1800.0
,11/04/2020,AVERAGE,3,Quintal,1200.0,1800.0,1500.0
,12/04/2020,AVERAGE,3,Quintal,1200.0,1800.0,1500.0
,13/04/2020,AVERAGE,2,Quintal,1200.0,1800.0,1500.0
,14/04/2020,AVERAGE,3,Quintal,1500.0,2000.0,1700.0
,15/04/2020,AVERAGE,5,Quintal,1000.0,1600.0,1300.0
,16/04/2020,AVERAGE,3,Quintal,1000.0,1700.0,1300.0
,17/04/2020,AVERAGE,3,Quintal,1000.0,1800.0,1500.0
,18/04/2020,AVERAGE,4,Quintal,1500.0,2500.0,2100.0
,19/04/2020,AVERAGE,3,Quintal,1500.0,2500.0,2000.0
,20/04/2020,AVERAGE,3,Quintal,1500.0,2500.0,2000.0
,21/04/2020,AVERAGE,3,Quintal,1500.0,2500.0,2000.0
,22/04/2020,AVERAGE,5,Quintal,1000.0,2000.0,1500.0
,23/04/2020,AVERAGE,4,Quintal,1000.0,2000.0,1500.0
,24/04/2020,AVERAGE,3,Quintal,1000.0,2000.0,1400.0
,25/04/2020,AVERAGE,4,Quintal,1000.0,2000.0,1400.0
,26/04/2020,AVERAGE,4,Quintal,1000.0,2000.0,1400.0
,27/04/2020,AVERAGE,3,Quintal,1000.0,2000.0,1500.0
,28/04/2020,AVERAGE,3,Quintal,1000.0,2000.0,1500.0
,30/04/2020,AVERAGE,4,Quintal,1000.0,2000.0,1400.0
Sub Total,Sub Total,Sub Total,92,,,,
GOWRIBIDNUR,12/04/2020,AVERAGE,10,Quintal,1000.0,1200.0,1100.0
,13/04/2020,AVERAGE,5,Quintal,1000.0,1400.0,1200.0
,17/04/2020,AVERAGE,5,Quintal,800.0,900.0,850.0
,18/04/2020,AVERAGE,8,Quintal,800.0,1000.0,900.0
,19/04/2020,AVERAGE,5,Quintal,800.0,900.0,850.0
,23/04/2020,AVERAGE,6,Quintal,800.0,1000.0,900.0
,26/04/2020,AVERAGE,3,Quintal,500.0,600.0,550.0
,27/04/2020,AVERAGE,5,Quintal,800.0,1000.0,900.0
Sub Total,Sub Total,Sub Total,47,,,,
HUBBALLI,07/04/2020,AVERAGE,34,Quintal,1600.0,2400.0,2100.0
,08/04/2020,AVERAGE,97,Quintal,1200.0,2000.0,1500.0
,09/04/2020,AVERAGE,28,Quintal,1000.0,2000.0,1500.0
,14/04/2020,AVERAGE,15,Quintal,1100.0,2000.0,1800.0
,15/04/2020,AVERAGE,24,Quintal,1100.0,2400.0,1700.0
,16/04/2020,AVERAGE,35,Quintal,1000.0,2500.0,2000.0
,17/04/2020,AVERAGE,101,Quintal,1200.0,2500.0,2200.0
,18/04/2020,AVERAGE,7,Quintal,1000.0,2500.0,1700.0
,23/04/2020,AVERAGE,34,Quintal,1100.0,2250.0,1900.0
,24/04/2020,AVERAGE,27,Quintal,1100.0,2200.0,1800.0
,25/04/2020,AVERAGE,18,Quintal,1100.0,2200.0,1400.0
,26/04/2020,AVERAGE,24,Quintal,1100.0,2200.0,1600.0
,28/04/2020,AVERAGE,11,Quintal,1000.0,1800.0,1500.0
,29/04/2020,AVERAGE,11,Quintal,1100.0,1900.0,1600.0
,30/04/2020,AVERAGE,18,Quintal,1000.0,1800.0,1400.0
Sub Total,Sub Total,Sub Total,484,,,,
KOLAR,01/04/2020,AVERAGE,80,Quintal,400.0,600.0,500.0
,02/04/2020,AVERAGE,175,Quintal,500.0,700.0,600.0
,03/04/2020,AVERAGE,91,Quintal,400.0,600.0,500.0
,05/04/2020,AVERAGE,95,Quintal,400.0,600.0,500.0
,06/04/2020,AVERAGE,130,Quintal,600.0,1000.0,800.0
,07/04/2020,AVERAGE,100,Quintal,400.0,600.0,500.0
,08/04/2020,AVERAGE,104,Quintal,500.0,800.0,600.0
,09/04/2020,AVERAGE,140,Quintal,400.0,600.0,500.0
,10/04/2020,AVERAGE,175,Quintal,600.0,1000.0,800.0
,12/04/2020,AVERAGE,194,Quintal,600.0,700.0,650.0
,13/04/2020,AVERAGE,68,Quintal,400.0,600.0,500.0
,14/04/2020,AVERAGE,135,Quintal,500.0,700.0,600.0
,15/04/2020,AVERAGE,122,Quintal,400.0,600.0,500.0
,16/04/2020,AVERAGE,95,Quintal,400.0,700.0,500.0
,17/04/2020,AVERAGE,155,Quintal,500.0,700.0,600.0
,19/04/2020,AVERAGE,159,Quintal,400.0,700.0,500.0
,20/04/2020,AVERAGE,155,Quintal,600.0,800.0,700.0
,21/04/2020,AVERAGE,125,Quintal,600.0,800.0,700.0
,22/04/2020,AVERAGE,110,Quintal,600.0,1000.0,800.0
,23/04/2020,AVERAGE,97,Quintal,600.0,800.0,700.0
,24/04/2020,AVERAGE,118,Quintal,600.0,700.0,650.0
,26/04/2020,AVERAGE,82,Quintal,600.0,800.0,700.0
,27/04/2020,AVERAGE,123,Quintal,800.0,1000.0,900.0
,28/04/2020,AVERAGE,75,Quintal,1000.0,1200.0,1100.0
,29/04/2020,AVERAGE,108,Quintal,600.0,1000.0,800.0
,30/04/2020,AVERAGE,69,Quintal,800.0,1200.0,1000.0
Sub Total,Sub Total,Sub Total,3080,,,,
MALUR,03/04/2020,AVERAGE,30,Quintal,800.0,1200.0,1000.0
,15/04/2020,AVERAGE,30,Quintal,800.0,1300.0,1000.0
,25/04/2020,AVERAGE,1140,Quintal,600.0,800.0,700.0
,30/04/2020,AVERAGE,550,Quintal,800.0,1000.0,900.0
Sub Total,Sub Total,Sub Total,1750,,,,
MYSURU,01/04/2020,AVERAGE,16,Quintal,1300.0,1500.0,1450.0
,02/04/2020,AVERAGE,31,Quintal,1300.0,1500.0,1450.0
,03/04/2020,AVERAGE,39,Quintal,1400.0,1600.0,1550.0
,05/04/2020,AVERAGE,31,Quintal,1400.0,1600.0,1550.0
,06/04/2020,AVERAGE,28,Quintal,1400.0,1600.0,1500.0
,07/04/2020,AVERAGE,20,Quintal,1400.0,1600.0,1550.0
,08/04/2020,AVERAGE,25,Quintal,1400.0,1600.0,1550.0
,09/04/2020,AVERAGE,31,Quintal,1400.0,1600.0,1500.0
,10/04/2020,AVERAGE,31,Quintal,1400.0,1600.0,1500.0
,12/04/2020,AVERAGE,31,Quintal,1400.0,1600.0,1500.0
,14/04/2020,AVERAGE,56,Quintal,1400.0,1600.0,1500.0
,15/04/2020,AVERAGE,40,Quintal,1400.0,1600.0,1500.0
,16/04/2020,AVERAGE,54,Quintal,1400.0,1600.0,1500.0
,17/04/2020,AVERAGE,26,Quintal,1400.0,1600.0,1550.0
,19/04/2020,AVERAGE,29,Quintal,1400.0,1600.0,1500.0
,20/04/2020,AVERAGE,28,Quintal,1400.0,1600.0,1550.0
,21/04/2020,AVERAGE,31,Quintal,1400.0,1600.0,1500.0
,22/04/2020,AVERAGE,39,Quintal,1400.0,1600.0,1550.0
,23/04/2020,AVERAGE,48,Quintal,1400.0,1600.0,1500.0
,24/04/2020,AVERAGE,68,Quintal,1400.0,1600.0,1500.0
,26/04/2020,AVERAGE,63,Quintal,1400.0,1600.0,1500.0
,27/04/2020,AVERAGE,35,Quintal,1400.0,1600.0,1500.0
,28/04/2020,AVERAGE,25,Quintal,1400.0,1600.0,1500.0
,29/04/2020,AVERAGE,40,Quintal,1400.0,1600.0,1500.0
,30/04/2020,AVERAGE,42,Quintal,1400.0,1600.0,1500.0
Sub Total,Sub Total,Sub Total,907,,,,
NAGAMANGALA,04/04/2020,AVERAGE,12,Quintal,800.0,850.0,833.0
Sub Total,Sub Total,Sub Total,12,,,,
NANJANGUD,05/04/2020,AVERAGE,15,Quintal,800.0,900.0,800.0
,06/04/2020,AVERAGE,10,Quintal,1000.0,1200.0,1100.0
,07/04/2020,AVERAGE,8,Quintal,1000.0,1200.0,1000.0
,09/04/2020,AVERAGE,3,Quintal,1000.0,1500.0,1300.0
,10/04/2020,AVERAGE,12,Quintal,900.0,1500.0,1300.0
,13/04/2020,AVERAGE,6,Quintal,1000.0,1500.0,1200.0
,14/04/2020,AVERAGE,23,Quintal,1000.0,1500.0,1300.0
,18/04/2020,AVERAGE,5,Quintal,1300.0,1500.0,1400.0
,19/04/2020,AVERAGE,6,Quintal,900.0,1200.0,1000.0
,22/04/2020,AVERAGE,5,Quintal,1200.0,1500.0,1300.0
,23/04/2020,AVERAGE,4,Quintal,1400.0,1600.0,1500.0
,27/04/2020,AVERAGE,4,Quintal,1400.0,1700.0,1600.0
,30/04/2020,AVERAGE,8,Quintal,1700.0,2000.0,1800.0
Sub Total,Sub Total,Sub Total,109,,,,
RAMANAGARA,19/04/2020,AVERAGE,6,Quintal,1400.0,1800.0,1600.0
,20/04/2020,AVERAGE,16,Quintal,1800.0,2200.0,2000.0
,21/04/2020,AVERAGE,12,Quintal,1800.0,2200.0,2000.0
,22/04/2020,AVERAGE,10,Quintal,1600.0,2100.0,1900.0
,23/04/2020,AVERAGE,10,Quintal,1600.0,2000.0,1800.0
,24/04/2020,AVERAGE,10,Quintal,1400.0,1800.0,1600.0
,25/04/2020,AVERAGE,8,Quintal,1400.0,2000.0,1600.0
,27/04/2020,AVERAGE,10,Quintal,1600.0,2000.0,1800.0
,28/04/2020,AVERAGE,8,Quintal,1400.0,2000.0,1700.0
,29/04/2020,AVERAGE,10,Quintal,1400.0,1800.0,1600.0
,30/04/2020,AVERAGE,12,Quintal,1600.0,2000.0,1800.0
Sub Total,Sub Total,Sub Total,112,,,,
T.NARSIPUR,17/04/2020,AVERAGE,1,Quintal,1000.0,1500.0,1000.0
,19/04/2020,AVERAGE,1,Quintal,1500.0,2600.0,2000.0
,21/04/2020,AVERAGE,1,Quintal,2000.0,2000.0,2000.0
,23/04/2020,AVERAGE,1,Quintal,1500.0,2000.0,1500.0
,25/04/2020,AVERAGE,1,Quintal,2000.0,2200.0,2000.0
,26/04/2020,AVERAGE,1,Quintal,1500.0,2000.0,1500.0
,29/04/2020,AVERAGE,1,Quintal,1500.0,2500.0,2000.0
,30/04/2020,AVERAGE,1,Quintal,1000.0,2000.0,1500.0
Sub Total,Sub Total,Sub Total,8,,,,
,,Grand Total,14638,,,,
BALLARI,02/05/2020,AVERAGE,12,Quintal,1500.0,2000.0,1800.0
,05/05/2020,AVERAGE,7,Quintal,1500.0,2000.0,1800.0
,08/05/2020,AVERAGE,75,Quintal,1500.0,2000.0,1800.0
,14/05/2020,AVERAGE,15,Quintal,2500.0,3000.0,2800.0
,16/05/2020,AVERAGE,9,Quintal,2500.0,3000.0,2800.0
,25/05/2020,AVERAGE,10,Quintal,3500.0,4000.0,3800.0
,28/05/2020,AVERAGE,6,Quintal,2000.0,2500.0,2200.0
,30/05/2020,AVERAGE,18,Quintal,1800.0,2000.0,1900.0
Sub Total,Sub Total,Sub Total,152,,,,
BANGARPET,14/05/2020,AVERAGE,4,Quintal,1200.0,1800.0,1500.0
,17/05/2020,AVERAGE,3,Quintal,2000.0,3000.0,2500.0
,22/05/2020,AVERAGE,2,Quintal,2500.0,3000.0,2700.0
Sub Total,Sub Total,Sub Total,9,,,,
BINNY MILL (F&V),02/05/2020,AVERAGE,906,Quintal,1200.0,1400.0,1300.0
,04/05/2020,AVERAGE,366,Quintal,1200.0,1500.0,1300.0
,05/05/2020,AVERAGE,496,Quintal,1500.0,2000.0,1800.0
,06/05/2020,AVERAGE,232,Quintal,1400.0,1800.0,1600.0
,07/05/2020,AVERAGE,494,Quintal,800.0,1200.0,1000.0
,08/05/2020,AVERAGE,195,Quintal,1000.0,1200.0,1100.0
,11/05/2020,AVERAGE,220,Quintal,1000.0,1600.0,1400.0
,12/05/2020,AVERAGE,584,Quintal,1400.0,1800.0,1600.0
,13/05/2020,AVERAGE,348,Quintal,1400.0,1600.0,1500.0
,14/05/2020,AVERAGE,408,Quintal,1600.0,2000.0,1800.0
,15/05/2020,AVERAGE,414,Quintal,1300.0,1600.0,1400.0
,16/05/2020,AVERAGE,1260,Quintal,1500.0,2000.0,1800.0
,18/05/2020,AVERAGE,272,Quintal,1400.0,1800.0,1600.0
,19/05/2020,AVERAGE,550,Quintal,1400.0,1800.0,1600.0
,20/05/2020,AVERAGE,302,Quintal,1800.0,2000.0,1900.0
,21/05/2020,AVERAGE,335,Quintal,1500.0,2000.0,1800.0
,22/05/2020,AVERAGE,263,Quintal,1400.0,1600.0,1500.0
,26/05/2020,AVERAGE,421,Quintal,1800.0,2600.0,2200.0
,27/05/2020,AVERAGE,269,Quintal,1400.0,1800.0,1600.0
,28/05/2020,AVERAGE,330,Quintal,1800.0,2000.0,1900.0
,29/05/2020,AVERAGE,227,Quintal,1400.0,1800.0,1600.0
,30/05/2020,AVERAGE,244,Quintal,1700.0,1900.0,1800.0
Sub Total,Sub Total,Sub Total,9136,,,,
CHICKBALLAPUR,01/05/2020,AVERAGE,90,Quintal,800.0,1000.0,900.0
,02/05/2020,AVERAGE,60,Quintal,800.0,1000.0,900.0
,03/05/2020,AVERAGE,75,Quintal,800.0,1000.0,900.0
,04/05/2020,AVERAGE,62,Quintal,800.0,1000.0,900.0
,05/05/2020,AVERAGE,55,Quintal,700.0,800.0,750.0
,06/05/2020,AVERAGE,55,Quintal,700.0,800.0,750.0
,08/05/2020,AVERAGE,45,Quintal,800.0,1000.0,900.0
,09/05/2020,AVERAGE,70,Quintal,1000.0,1200.0,1100.0
,10/05/2020,AVERAGE,40,Quintal,1200.0,1300.0,1250.0
,11/05/2020,AVERAGE,45,Quintal,1000.0,1200.0,1100.0
,12/05/2020,AVERAGE,75,Quintal,1000.0,1200.0,1100.0
,13/05/2020,AVERAGE,37,Quintal,1000.0,1200.0,1100.0
,15/05/2020,AVERAGE,60,Quintal,1000.0,1400.0,1200.0
,16/05/2020,AVERAGE,40,Quintal,120.0,1700.0,1450.0
,17/05/2020,AVERAGE,25,Quintal,1500.0,1700.0,1600.0
,18/05/2020,AVERAGE,20,Quintal,1500.0,1800.0,1650.0
,19/05/2020,AVERAGE,50,Quintal,2000.0,2500.0,2300.0
,20/05/2020,AVERAGE,75,Quintal,2000.0,2400.0,2200.0
,22/05/2020,AVERAGE,60,Quintal,2500.0,2700.0,2600.0
,23/05/2020,AVERAGE,40,Quintal,2000.0,2200.0,2100.0
,25/05/2020,AVERAGE,50,Quintal,2000.0,2500.0,2250.0
,26/05/2020,AVERAGE,50,Quintal,2000.0,2800.0,2500.0
,27/05/2020,AVERAGE,35,Quintal,2500.0,2800.0,2650.0
,29/05/2020,AVERAGE,30,Quintal,3000.0,3500.0,3250.0
,30/05/2020,AVERAGE,22,Quintal,2000.0,3000.0,2500.0
Sub Total,Sub Total,Sub Total,1266,,,,
CHIKKAMAGALURU,07/05/2020,AVERAGE,6,Quintal,1667.0,1667.0,1667.0
,10/05/2020,AVERAGE,10,Quintal,1818.0,2222.0,2000.0
,14/05/2020,AVERAGE,22,Quintal,1594.0,1800.0,1616.0
,16/05/2020,AVERAGE,44,Quintal,1867.0,2304.0,2273.0
,19/05/2020,AVERAGE,28,Quintal,1800.0,1800.0,1800.0
Sub Total,Sub Total,Sub Total,110,,,,
CHINTAMANI,01/05/2020,AVERAGE,4,Quintal,1000.0,1500.0,1250.0
,02/05/2020,AVERAGE,5,Quintal,1000.0,1500.0,1250.0
,03/05/2020,AVERAGE,3,Quintal,2000.0,2500.0,2250.0
,04/05/2020,AVERAGE,4,Quintal,1500.0,2000.0,1750.0
,05/05/2020,AVERAGE,3,Quintal,1500.0,2000.0,1650.0
,06/05/2020,AVERAGE,4,Quintal,1500.0,2000.0,1750.0
,07/05/2020,AVERAGE,4,Quintal,1500.0,1800.0,1650.0
,08/05/2020,AVERAGE,4,Quintal,1500.0,2000.0,1750.0
,09/05/2020,AVERAGE,4,Quintal,1500.0,2000.0,1750.0
,10/05/2020,AVERAGE,4,Quintal,1500.0,2000.0,1750.0
,11/05/2020,AVERAGE,2,Quintal,1000.0,1500.0,1250.0
,13/05/2020,AVERAGE,4,Quintal,2000.0,2200.0,2100.0
,14/05/2020,AVERAGE,4,Quintal,2000.0,2200.0,2100.0
,15/05/2020,AVERAGE,4,Quintal,2000.0,2200.0,2100.0
,16/05/2020,AVERAGE,40,Quintal,2000.0,2500.0,2250.0
,17/05/2020,AVERAGE,6,Quintal,1800.0,2200.0,2000.0
,18/05/2020,AVERAGE,4,Quintal,2500.0,2700.0,2600.0
,19/05/2020,AVERAGE,4,Quintal,2000.0,2500.0,2250.0
,20/05/2020,AVERAGE,4,Quintal,2000.0,2300.0,2150.0
,21/05/2020,AVERAGE,5,Quintal,1500.0,1800.0,1650.0
,22/05/2020,AVERAGE,4,Quintal,1800.0,2000.0,1900.0
,23/05/2020,AVERAGE,4,Quintal,1800.0,2200.0,2000.0
,26/05/2020,AVERAGE,3,Quintal,2000.0,2500.0,2250.0
,27/05/2020,AVERAGE,2,Quintal,2500.0,3000.0,2750.0
,28/05/2020,AVERAGE,3,Quintal,3000.0,3500.0,3250.0
,29/05/2020,AVERAGE,5,Quintal,2500.0,3000.0,2750.0
,30/05/2020,AVERAGE,4,Quintal,3000.0,3500.0,3250.0
Sub Total,Sub Total,Sub Total,141,,,,
DAVANAGERE,01/05/2020,AVERAGE,15,Quintal,2800.0,3200.0,3000.0
,02/05/2020,AVERAGE,10,Quintal,3000.0,3500.0,3200.0
,03/05/2020,AVERAGE,20,Quintal,2800.0,3200.0,3000.0
,05/05/2020,AVERAGE,25,Quintal,2800.0,3200.0,3000.0
,06/05/2020,AVERAGE,25,Quintal,2500.0,3200.0,2800.0
,07/05/2020,AVERAGE,25,Quintal,2500.0,3000.0,2800.0
,08/05/2020,AVERAGE,25,Quintal,2800.0,3200.0,3000.0
,09/05/2020,AVERAGE,20,Quintal,2500.0,3000.0,2700.0
,10/05/2020,AVERAGE,10,Quintal,2800.0,3200.0,3000.0
,13/05/2020,AVERAGE,25,Quintal,3000.0,3500.0,3200.0
,14/05/2020,AVERAGE,15,Quintal,3000.0,3500.0,3200.0
,16/05/2020,AVERAGE,20,Quintal,2800.0,3200.0,3000.0
,17/05/2020,AVERAGE,25,Quintal,2500.0,2800.0,2600.0
,19/05/2020,AVERAGE,15,Quintal,2400.0,2800.0,2600.0
,20/05/2020,AVERAGE,20,Quintal,2800.0,3200.0,3000.0
,21/05/2020,AVERAGE,15,Quintal,2000.0,2500.0,2200.0
,22/05/2020,AVERAGE,15,Quintal,2000.0,3200.0,3000.0
,23/05/2020,AVERAGE,25,Quintal,2200.0,2800.0,2500.0
,26/05/2020,AVERAGE,30,Quintal,2200.0,2800.0,2400.0
,27/05/2020,AVERAGE,35,Quintal,2600.0,3200.0,2800.0
,28/05/2020,AVERAGE,25,Quintal,2800.0,3200.0,3000.0
,29/05/2020,AVERAGE,30,Quintal,2800.0,3200.0,3000.0
,30/05/2020,AVERAGE,20,Quintal,2800.0,3200.0,3000.0
,31/05/2020,AVERAGE,10,Quintal,3000.0,3200.0,3100.0
Sub Total,Sub Total,Sub Total,500,,,,
DHARWAR,02/05/2020,AVERAGE,19,Quintal,1500.0,1800.0,1650.0
,03/05/2020,AVERAGE,46,Quintal,1600.0,2000.0,1800.0
,04/05/2020,AVERAGE,46,Quintal,1800.0,2000.0,1900.0
,05/05/2020,AVERAGE,21,Quintal,2000.0,2200.0,2100.0
,06/05/2020,AVERAGE,46,Quintal,1500.0,1800.0,1650.0
,07/05/2020,AVERAGE,30,Quintal,1800.0,2000.0,1900.0
,09/05/2020,AVERAGE,21,Quintal,2000.0,2500.0,2250.0
,10/05/2020,AVERAGE,20,Quintal,2000.0,2200.0,2100.0
,11/05/2020,AVERAGE,25,Quintal,1500.0,2500.0,2000.0
,12/05/2020,AVERAGE,2,Quintal,1500.0,2200.0,1850.0
,13/05/2020,AVERAGE,43,Quintal,2000.0,2500.0,2250.0
,14/05/2020,AVERAGE,38,Quintal,2000.0,3000.0,2500.0
,16/05/2020,AVERAGE,41,Quintal,2500.0,3000.0,2750.0
,17/05/2020,AVERAGE,40,Quintal,2000.0,3000.0,2500.0
,18/05/2020,AVERAGE,32,Quintal,2000.0,2500.0,2250.0
,19/05/2020,AVERAGE,46,Quintal,2000.0,3200.0,2600.0
,20/05/2020,AVERAGE,27,Quintal,2000.0,3200.0,2600.0
,21/05/2020,AVERAGE,45,Quintal,2000.0,3200.0,2600.0
,22/05/2020,AVERAGE,34,Quintal,2000.0,3200.0,2600.0
,23/05/2020,AVERAGE,48,Quintal,1500.0,2000.0,1750.0
,26/05/2020,AVERAGE,128,Quintal,2000.0,3000.0,2500.0
,27/05/2020,AVERAGE,33,Quintal,3000.0,3500.0,3250.0
,28/05/2020,AVERAGE,30,Quintal,2500.0,3000.0,2750.0
,29/05/2020,AVERAGE,28,Quintal,2500.0,3000.0,2750.0
,30/05/2020,AVERAGE,38,Quintal,2500.0,3000.0,2750.0
Sub Total,Sub Total,Sub Total,927,,,,
DODDABALLAPUR,01/05/2020,AVERAGE,3,Quintal,1000.0,2000.0,1400.0
,02/05/2020,AVERAGE,3,Quintal,1000.0,2000.0,1400.0
,03/05/2020,AVERAGE,3,Quintal,1000.0,2000.0,1500.0
,04/05/2020,AVERAGE,3,Quintal,1000.0,2000.0,1400.0
,05/05/2020,AVERAGE,3,Quintal,1000.0,2000.0,1500.0
,06/05/2020,AVERAGE,3,Quintal,1000.0,2000.0,1600.0
,07/05/2020,AVERAGE,3,Quintal,1000.0,2000.0,1500.0
,08/05/2020,AVERAGE,2,Quintal,1000.0,2000.0,1500.0
,09/05/2020,AVERAGE,3,Quintal,1000.0,2000.0,1500.0
,10/05/2020,AVERAGE,2,Quintal,1000.0,2000.0,1400.0
,11/05/2020,AVERAGE,2,Quintal,1000.0,2000.0,1500.0
,12/05/2020,AVERAGE,2,Quintal,1000.0,2500.0,1400.0
,13/05/2020,AVERAGE,3,Quintal,1000.0,2500.0,1500.0
,14/05/2020,AVERAGE,2,Quintal,1500.0,2000.0,1700.0
,15/05/2020,AVERAGE,3,Quintal,1500.0,2000.0,1700.0
,16/05/2020,AVERAGE,3,Quintal,1500.0,2000.0,1700.0
,17/05/2020,AVERAGE,4,Quintal,1500.0,2000.0,1700.0
,18/05/2020,AVERAGE,3,Quintal,1000.0,1500.0,1200.0
,19/05/2020,AVERAGE,3,Quintal,1000.0,1500.0,1200.0
,20/05/2020,AVERAGE,3,Quintal,1500.0,2000.0,1700.0
,21/05/2020,AVERAGE,4,Quintal,1500.0,2000.0,1700.0
,22/05/2020,AVERAGE,3,Quintal,1500.0,2000.0,1700.0
,23/05/2020,AVERAGE,2,Quintal,2800.0,3200.0,3000.0
,25/05/2020,AVERAGE,3,Quintal,2500.0,3200.0,3000.0
,26/05/2020,AVERAGE,2,Quintal,2500.0,3200.0,2800.0
,28/05/2020,AVERAGE,3,Quintal,2500.0,3200.0,2800.0
,29/05/2020,AVERAGE,3,Quintal,2500.0,3200.0,3000.0
,30/05/2020,AVERAGE,4,Quintal,2500.0,3200.0,3000.0
Sub Total,Sub Total,Sub Total,80,,,,
GOWRIBIDNUR,02/05/2020,AVERAGE,6,Quintal,1000.0,1200.0,1100.0
,20/05/2020,AVERAGE,5,Quintal,900.0,1000.0,950.0
,23/05/2020,AVERAGE,8,Quintal,600.0,800.0,700.0
,28/05/2020,AVERAGE,20,Quintal,700.0,800.0,750.0
,30/05/2020,AVERAGE,20,Quintal,500.0,700.0,600.0
Sub Total,Sub Total,Sub Total,59,,,,
HUBBALLI,01/05/2020,AVERAGE,20,Quintal,900.0,1800.0,1400.0
,02/05/2020,AVERAGE,30,Quintal,800.0,1600.0,1200.0
,05/05/2020,AVERAGE,46,Quintal,700.0,1650.0,1100.0
,06/05/2020,AVERAGE,25,Quintal,650.0,1400.0,900.0
,07/05/2020,AVERAGE,40,Quintal,600.0,1350.0,950.0
,08/05/2020,AVERAGE,27,Quintal,600.0,1400.0,900.0
,09/05/2020,AVERAGE,28,Quintal,600.0,1500.0,900.0
,12/05/2020,AVERAGE,29,Quintal,600.0,1500.0,1000.0
,13/05/2020,AVERAGE,16,Quintal,600.0,1600.0,1100.0
,14/05/2020,AVERAGE,21,Quintal,700.0,1800.0,1300.0
,15/05/2020,AVERAGE,25,Quintal,700.0,1700.0,1200.0
,16/05/2020,AVERAGE,19,Quintal,600.0,1450.0,1000.0
,19/05/2020,AVERAGE,23,Quintal,700.0,1800.0,1200.0
,20/05/2020,AVERAGE,25,Quintal,700.0,1750.0,1350.0
,21/05/2020,AVERAGE,18,Quintal,600.0,1580.0,1050.0
,22/05/2020,AVERAGE,21,Quintal,600.0,1500.0,1200.0
,26/05/2020,AVERAGE,15,Quintal,800.0,1900.0,1300.0
,27/05/2020,AVERAGE,22,Quintal,800.0,1800.0,1300.0
,28/05/2020,AVERAGE,27,Quintal,850.0,1500.0,1100.0
,29/05/2020,AVERAGE,17,Quintal,800.0,1500.0,1100.0
,30/05/2020,AVERAGE,9,Quintal,700.0,1500.0,900.0
Sub Total,Sub Total,Sub Total,503,,,,
KOLAR,01/05/2020,AVERAGE,106,Quintal,800.0,1200.0,1000.0
,03/05/2020,AVERAGE,122,Quintal,1000.0,1500.0,1300.0
,04/05/2020,AVERAGE,105,Quintal,1000.0,1500.0,1300.0
,05/05/2020,AVERAGE,85,Quintal,800.0,1400.0,1100.0
,06/05/2020,AVERAGE,104,Quintal,1200.0,1400.0,1300.0
,07/05/2020,AVERAGE,88,Quintal,1000.0,1300.0,1200.0
,08/05/2020,AVERAGE,109,Quintal,1000.0,1200.0,1100.0
,10/05/2020,AVERAGE,79,Quintal,1000.0,1500.0,1300.0
,11/05/2020,AVERAGE,100,Quintal,1000.0,1500.0,1300.0
,12/05/2020,AVERAGE,74,Quintal,1500.0,1700.0,1600.0
,13/05/2020,AVERAGE,90,Quintal,1500.0,2000.0,1700.0
,14/05/2020,AVERAGE,85,Quintal,1500.0,2000.0,1700.0
,15/05/2020,AVERAGE,105,Quintal,2000.0,2500.0,2300.0
,17/05/2020,AVERAGE,110,Quintal,2000.0,2500.0,2200.0
,18/05/2020,AVERAGE,24,Quintal,2500.0,3000.0,2700.0
,19/05/2020,AVERAGE,32,Quintal,2500.0,2900.0,2700.0
,20/05/2020,AVERAGE,95,Quintal,2500.0,3000.0,2700.0
,21/05/2020,AVERAGE,95,Quintal,2500.0,3000.0,2700.0
,22/05/2020,AVERAGE,85,Quintal,2500.0,3000.0,2700.0
,25/05/2020,AVERAGE,55,Quintal,2000.0,2600.0,2300.0
,26/05/2020,AVERAGE,95,Quintal,2000.0,2600.0,2300.0
,27/05/2020,AVERAGE,45,Quintal,2500.0,3000.0,2700.0
,28/05/2020,AVERAGE,85,Quintal,3000.0,3500.0,3300.0
,29/05/2020,AVERAGE,37,Quintal,3000.0,3500.0,3300.0
Sub Total,Sub Total,Sub Total,2010,,,,
MALUR,30/05/2020,AVERAGE,500,Quintal,2800.0,3300.0,3000.0
Sub Total,Sub Total,Sub Total,500,,,,
MYSURU,01/05/2020,AVERAGE,35,Quintal,1400.0,1600.0,1550.0
,03/05/2020,AVERAGE,45,Quintal,1500.0,1700.0,1650.0
,04/05/2020,AVERAGE,65,Quintal,1500.0,1700.0,1600.0
,05/05/2020,AVERAGE,42,Quintal,1700.0,1900.0,1800.0
,06/05/2020,AVERAGE,40,Quintal,1700.0,1900.0,1800.0
,07/05/2020,AVERAGE,68,Quintal,1700.0,1900.0,1800.0
,08/05/2020,AVERAGE,43,Quintal,1700.0,1900.0,1850.0
,10/05/2020,AVERAGE,53,Quintal,1700.0,1900.0,1800.0
,11/05/2020,AVERAGE,43,Quintal,2100.0,2300.0,2200.0
,12/05/2020,AVERAGE,46,Quintal,2300.0,2500.0,2450.0
,13/05/2020,AVERAGE,30,Quintal,2500.0,2700.0,2600.0
,14/05/2020,AVERAGE,37,Quintal,2500.0,2700.0,2600.0
,15/05/2020,AVERAGE,31,Quintal,2800.0,3000.0,2900.0
,17/05/2020,AVERAGE,26,Quintal,2800.0,3000.0,2900.0
,18/05/2020,AVERAGE,40,Quintal,3000.0,3200.0,3100.0
,19/05/2020,AVERAGE,36,Quintal,3400.0,3600.0,3500.0
,20/05/2020,AVERAGE,23,Quintal,3500.0,4000.0,3700.0
,21/05/2020,AVERAGE,42,Quintal,3800.0,4000.0,3900.0
,22/05/2020,AVERAGE,31,Quintal,3500.0,3700.0,3600.0
,25/05/2020,AVERAGE,43,Quintal,3800.0,4000.0,3950.0
,26/05/2020,AVERAGE,40,Quintal,3800.0,4000.0,3900.0
,27/05/2020,AVERAGE,35,Quintal,3600.0,4000.0,3700.0
,28/05/2020,AVERAGE,43,Quintal,3800.0,4000.0,3900.0
,29/05/2020,AVERAGE,40,Quintal,3800.0,4000.0,3900.0
,31/05/2020,AVERAGE,43,Quintal,3800.0,4000.0,3950.0
Sub Total,Sub Total,Sub Total,1020,,,,
NANJANGUD,01/05/2020,AVERAGE,6,Quintal,1400.0,1600.0,1500.0
,05/05/2020,AVERAGE,5,Quintal,1500.0,1700.0,1600.0
,07/05/2020,AVERAGE,5,Quintal,1700.0,1900.0,1800.0
,08/05/2020,AVERAGE,5,Quintal,1700.0,1900.0,1800.0
,09/05/2020,AVERAGE,5,Quintal,1700.0,1900.0,1850.0
,10/05/2020,AVERAGE,4,Quintal,1700.0,1900.0,1850.0
,11/05/2020,AVERAGE,12,Quintal,1700.0,1900.0,1800.0
,12/05/2020,AVERAGE,3,Quintal,2100.0,2300.0,2200.0
,13/05/2020,AVERAGE,8,Quintal,2300.0,2500.0,2450.0
,15/05/2020,AVERAGE,2,Quintal,2500.0,2700.0,2600.0
,16/05/2020,AVERAGE,7,Quintal,2800.0,3000.0,2900.0
,17/05/2020,AVERAGE,4,Quintal,2800.0,3000.0,2900.0
,18/05/2020,AVERAGE,4,Quintal,2800.0,3000.0,2900.0
,19/05/2020,AVERAGE,2,Quintal,3000.0,3200.0,3100.0
,20/05/2020,AVERAGE,6,Quintal,3400.0,3600.0,3500.0
,21/05/2020,AVERAGE,2,Quintal,3500.0,4000.0,3700.0
,22/05/2020,AVERAGE,3,Quintal,3800.0,4000.0,3900.0
,23/05/2020,AVERAGE,2,Quintal,3500.0,3700.0,3600.0
,25/05/2020,AVERAGE,2,Quintal,3500.0,3700.0,3600.0
,26/05/2020,AVERAGE,4,Quintal,3500.0,3700.0,3600.0
,27/05/2020,AVERAGE,2,Quintal,3800.0,4000.0,3900.0
,29/05/2020,AVERAGE,4,Quintal,3800.0,4000.0,3900.0
,30/05/2020,AVERAGE,2,Quintal,3800.0,4000.0,3900.0
,31/05/2020,AVERAGE,4,Quintal,3800.0,4000.0,3900.0
Sub Total,Sub Total,Sub Total,103,,,,
RAMANAGARA,01/05/2020,AVERAGE,8,Quintal,1600.0,2200.0,1900.0
,02/05/2020,AVERAGE,10,Quintal,1600.0,2000.0,1800.0
,03/05/2020,AVERAGE,5,Quintal,1600.0,2100.0,1800.0
,04/05/2020,AVERAGE,8,Quintal,1600.0,2000.0,1800.0
,05/05/2020,AVERAGE,10,Quintal,1500.0,2000.0,1700.0
,06/05/2020,AVERAGE,12,Quintal,1600.0,2000.0,1800.0
,07/05/2020,AVERAGE,16,Quintal,1000.0,2000.0,1800.0
,08/05/2020,AVERAGE,8,Quintal,2000.0,2200.0,2100.0
,09/05/2020,AVERAGE,10,Quintal,2000.0,2200.0,2100.0
,10/05/2020,AVERAGE,10,Quintal,1800.0,2200.0,2000.0
,11/05/2020,AVERAGE,5,Quintal,2000.0,2400.0,2200.0
,12/05/2020,AVERAGE,8,Quintal,2000.0,2400.0,2200.0
,13/05/2020,AVERAGE,5,Quintal,2400.0,3200.0,2800.0
,14/05/2020,AVERAGE,5,Quintal,2800.0,3200.0,3000.0
,15/05/2020,AVERAGE,6,Quintal,3000.0,3200.0,3100.0
,16/05/2020,AVERAGE,5,Quintal,2400.0,3200.0,2800.0
,17/05/2020,AVERAGE,6,Quintal,2400.0,2800.0,2600.0
,18/05/2020,AVERAGE,8,Quintal,2400.0,3200.0,2800.0
,19/05/2020,AVERAGE,5,Quintal,2800.0,3200.0,3000.0
,20/05/2020,AVERAGE,5,Quintal,2400.0,2800.0,2600.0
,21/05/2020,AVERAGE,6,Quintal,3200.0,4000.0,3600.0
,22/05/2020,AVERAGE,5,Quintal,2000.0,2600.0,2400.0
,23/05/2020,AVERAGE,6,Quintal,2800.0,3200.0,3000.0
,25/05/2020,AVERAGE,5,Quintal,3600.0,4000.0,3800.0
,26/05/2020,AVERAGE,6,Quintal,4000.0,4400.0,4200.0
,27/05/2020,AVERAGE,5,Quintal,4000.0,4400.0,4200.0
,28/05/2020,AVERAGE,6,Quintal,3600.0,4000.0,3800.0
,29/05/2020,AVERAGE,5,Quintal,3200.0,4000.0,3600.0
,30/05/2020,AVERAGE,6,Quintal,3600.0,4000.0,3800.0
Sub Total,Sub Total,Sub Total,205,,,,
T.NARSIPUR,05/05/2020,AVERAGE,1,Quintal,2000.0,2000.0,2000.0
,06/05/2020,AVERAGE,1,Quintal,1500.0,2000.0,1500.0
,08/05/2020,AVERAGE,1,Quintal,1000.0,2000.0,1000.0
,12/05/2020,AVERAGE,1,Quintal,2000.0,2000.0,2000.0
,16/05/2020,AVERAGE,1,Quintal,1200.0,3000.0,2000.0
,22/05/2020,AVERAGE,1,Quintal,1500.0,4000.0,3000.0
,23/05/2020,AVERAGE,1,Quintal,3500.0,3500.0,3500.0
,28/05/2020,AVERAGE,1,Quintal,2000.0,3500.0,2500.0
Sub Total,Sub Total,Sub Total,8,,,,
,,Grand Total,16729,,,,
BAGEPALLI,02/06/2020,AVERAGE,10,Quintal,1400.0,1800.0,1600.0
,03/06/2020,AVERAGE,12,Quintal,1400.0,1900.0,1680.0
,06/06/2020,AVERAGE,10,Quintal,1400.0,1900.0,1715.0
,08/06/2020,AVERAGE,12,Quintal,1600.0,1800.0,1700.0
,09/06/2020,AVERAGE,6,Quintal,1400.0,1800.0,1650.0
,10/06/2020,AVERAGE,8,Quintal,1400.0,1800.0,1600.0
,11/06/2020,AVERAGE,12,Quintal,1600.0,1800.0,1715.0
,13/06/2020,AVERAGE,15,Quintal,1500.0,1800.0,1650.0
,14/06/2020,AVERAGE,10,Quintal,1600.0,2000.0,1800.0
,15/06/2020,AVERAGE,15,Quintal,1600.0,1800.0,1700.0
,16/06/2020,AVERAGE,16,Quintal,1600.0,1900.0,1750.0
,17/06/2020,AVERAGE,10,Quintal,2600.0,3000.0,2800.0
,18/06/2020,AVERAGE,10,Quintal,1400.0,1800.0,1650.0
,20/06/2020,AVERAGE,14,Quintal,1600.0,2200.0,2000.0
,21/06/2020,AVERAGE,15,Quintal,1600.0,3000.0,2220.0
,22/06/2020,AVERAGE,10,Quintal,1600.0,2200.0,1900.0
,23/06/2020,AVERAGE,14,Quintal,1600.0,2200.0,2000.0
,24/06/2020,AVERAGE,14,Quintal,1600.0,2500.0,2000.0
,25/06/2020,AVERAGE,14,Quintal,1600.0,2200.0,2000.0
,27/06/2020,AVERAGE,15,Quintal,2000.0,3000.0,2500.0
,28/06/2020,AVERAGE,90,Quintal,2000.0,3000.0,2400.0
,29/06/2020,AVERAGE,10,Quintal,1800.0,2800.0,2500.0
,30/06/2020,AVERAGE,20,Quintal,2000.0,3500.0,3000.0
Sub Total,Sub Total,Sub Total,362,,,,
BALLARI,01/06/2020,AVERAGE,15,Quintal,3500.0,4000.0,3800.0
,03/06/2020,AVERAGE,3,Quintal,3500.0,4500.0,4000.0
Sub Total,Sub Total,Sub Total,18,,,,
BANGARPET,09/06/2020,AVERAGE,3,Quintal,3000.0,3800.0,3400.0
Sub Total,Sub Total,Sub Total,3,,,,
BINNY MILL (F&V),01/06/2020,AVERAGE,135,Quintal,2400.0,2800.0,2600.0
,02/06/2020,AVERAGE,106,Quintal,2000.0,2400.0,2200.0
,03/06/2020,AVERAGE,110,Quintal,2000.0,2200.0,2100.0
,04/06/2020,AVERAGE,80,Quintal,2000.0,2200.0,2100.0
,05/06/2020,AVERAGE,39,Quintal,2800.0,3000.0,2900.0
,06/06/2020,AVERAGE,282,Quintal,1200.0,1400.0,1300.0
,08/06/2020,AVERAGE,151,Quintal,2400.0,2800.0,2600.0
,09/06/2020,AVERAGE,52,Quintal,3000.0,3200.0,3100.0
,10/06/2020,AVERAGE,118,Quintal,2400.0,2600.0,2500.0
,11/06/2020,AVERAGE,120,Quintal,2800.0,3000.0,2900.0
,12/06/2020,AVERAGE,48,Quintal,2800.0,3200.0,3000.0
,15/06/2020,AVERAGE,72,Quintal,2400.0,2800.0,2600.0
,16/06/2020,AVERAGE,55,Quintal,2300.0,2600.0,2400.0
,17/06/2020,AVERAGE,153,Quintal,2200.0,2600.0,2400.0
,18/06/2020,AVERAGE,86,Quintal,2400.0,2600.0,2500.0
,19/06/2020,AVERAGE,115,Quintal,1800.0,2200.0,2000.0
,20/06/2020,AVERAGE,88,Quintal,1600.0,2400.0,2000.0
,22/06/2020,AVERAGE,32,Quintal,4000.0,4400.0,4200.0
,23/06/2020,AVERAGE,32,Quintal,4000.0,4400.0,4300.0
,24/06/2020,AVERAGE,118,Quintal,3000.0,3700.0,3400.0
,25/06/2020,AVERAGE,136,Quintal,3000.0,3600.0,3300.0
,26/06/2020,AVERAGE,279,Quintal,3000.0,3600.0,3300.0
,29/06/2020,AVERAGE,224,Quintal,4000.0,4200.0,4100.0
,30/06/2020,AVERAGE,160,Quintal,3500.0,3800.0,3600.0
Sub Total,Sub Total,Sub Total,2791,,,,
CHICKBALLAPUR,01/06/2020,AVERAGE,12,Quintal,2500.0,3000.0,2750.0
,02/06/2020,AVERAGE,30,Quintal,2500.0,3000.0,2750.0
,03/06/2020,AVERAGE,45,Quintal,2500.0,3000.0,2750.0
,05/06/2020,AVERAGE,100,Quintal,2800.0,3200.0,3000.0
,06/06/2020,AVERAGE,20,Quintal,2800.0,3200.0,3000.0
,07/06/2020,AVERAGE,10,Quintal,3000.0,3400.0,3200.0
,08/06/2020,AVERAGE,10,Quintal,2800.0,3000.0,2900.0
,09/06/2020,AVERAGE,35,Quintal,3000.0,3800.0,3400.0
,10/06/2020,AVERAGE,50,Quintal,3000.0,3500.0,3250.0
,12/06/2020,AVERAGE,35,Quintal,3500.0,4000.0,3750.0
,13/06/2020,AVERAGE,18,Quintal,3500.0,4000.0,3800.0
,14/06/2020,AVERAGE,48,Quintal,3000.0,4300.0,3650.0
,16/06/2020,AVERAGE,45,Quintal,3500.0,4500.0,4000.0
,17/06/2020,AVERAGE,30,Quintal,4000.0,4500.0,4250.0
,19/06/2020,AVERAGE,45,Quintal,4000.0,4500.0,4250.0
,20/06/2020,AVERAGE,35,Quintal,4000.0,4400.0,4200.0
,22/06/2020,AVERAGE,10,Quintal,3500.0,4500.0,4000.0
,23/06/2020,AVERAGE,40,Quintal,3000.0,5000.0,4000.0
,24/06/2020,AVERAGE,42,Quintal,4000.0,5000.0,4500.0
,26/06/2020,AVERAGE,20,Quintal,3500.0,4800.0,4150.0
,27/06/2020,AVERAGE,25,Quintal,3500.0,4500.0,4000.0
,28/06/2020,AVERAGE,45,Quintal,3500.0,4500.0,4000.0
,29/06/2020,AVERAGE,35,Quintal,4000.0,5000.0,4500.0
,30/06/2020,AVERAGE,35,Quintal,3000.0,4500.0,3750.0
Sub Total,Sub Total,Sub Total,820,,,,
CHIKKAMAGALURU,30/06/2020,AVERAGE,4,Quintal,4800.0,5200.0,5000.0
Sub Total,Sub Total,Sub Total,4,,,,
CHINTAMANI,01/06/2020,AVERAGE,5,Quintal,3000.0,3500.0,3250.0
,02/06/2020,AVERAGE,4,Quintal,2500.0,3500.0,3000.0
,03/06/2020,AVERAGE,5,Quintal,2500.0,3000.0,2750.0
,04/06/2020,AVERAGE,4,Quintal,2500.0,3500.0,3000.0
,05/06/2020,AVERAGE,4,Quintal,3000.0,3500.0,3250.0
,06/06/2020,AVERAGE,5,Quintal,3000.0,4000.0,3500.0
,07/06/2020,AVERAGE,4,Quintal,3000.0,3500.0,3250.0
,08/06/2020,AVERAGE,4,Quintal,3000.0,4500.0,3750.0
,09/06/2020,AVERAGE,3,Quintal,3000.0,4000.0,3500.0
,10/06/2020,AVERAGE,3,Quintal,4000.0,4500.0,4250.0
,11/06/2020,AVERAGE,4,Quintal,3000.0,4000.0,3500.0
,12/06/2020,AVERAGE,5,Quintal,2500.0,3500.0,3000.0
,13/06/2020,AVERAGE,4,Quintal,3000.0,4000.0,3500.0
,14/06/2020,AVERAGE,5,Quintal,3000.0,4000.0,3500.0
,15/06/2020,AVERAGE,4,Quintal,3000.0,4000.0,3500.0
,16/06/2020,AVERAGE,3,Quintal,4000.0,5000.0,4500.0
,17/06/2020,AVERAGE,4,Quintal,4000.0,5000.0,4500.0
,18/06/2020,AVERAGE,5,Quintal,3500.0,4500.0,4000.0
,19/06/2020,AVERAGE,5,Quintal,4000.0,5000.0,4500.0
,20/06/2020,AVERAGE,5,Quintal,3000.0,4000.0,3500.0
,21/06/2020,AVERAGE,4,Quintal,4000.0,5000.0,4500.0
,24/06/2020,AVERAGE,4,Quintal,4000.0,5000.0,4500.0
,25/06/2020,AVERAGE,5,Quintal,4000.0,5000.0,4500.0
,26/06/2020,AVERAGE,5,Quintal,4000.0,5000.0,4500.0
,27/06/2020,AVERAGE,5,Quintal,3000.0,4000.0,3500.0
,28/06/2020,AVERAGE,5,Quintal,4000.0,5000.0,4500.0
,29/06/2020,AVERAGE,4,Quintal,3000.0,4000.0,3500.0
,30/06/2020,AVERAGE,4,Quintal,3000.0,4000.0,3500.0
Sub Total,Sub Total,Sub Total,121,,,,
DAVANAGERE,02/06/2020,AVERAGE,10,Quintal,3000.0,3200.0,3100.0
,03/06/2020,AVERAGE,10,Quintal,2200.0,2600.0,2400.0
,04/06/2020,AVERAGE,12,Quintal,2600.0,2800.0,2700.0
,05/06/2020,AVERAGE,15,Quintal,2800.0,3000.0,2900.0
,06/06/2020,AVERAGE,25,Quintal,2600.0,3000.0,2800.0
,07/06/2020,AVERAGE,30,Quintal,2500.0,3000.0,2800.0
,09/06/2020,AVERAGE,25,Quintal,2500.0,3000.0,2800.0
,10/06/2020,AVERAGE,8,Quintal,2800.0,3200.0,3000.0
,11/06/2020,AVERAGE,12,Quintal,2600.0,3200.0,3000.0
,12/06/2020,AVERAGE,25,Quintal,2600.0,3000.0,2800.0
,13/06/2020,AVERAGE,30,Quintal,2800.0,3200.0,3000.0
,14/06/2020,AVERAGE,45,Quintal,2800.0,3200.0,3000.0
,16/06/2020,AVERAGE,35,Quintal,3000.0,3400.0,3200.0
,17/06/2020,AVERAGE,15,Quintal,3000.0,3200.0,3100.0
,18/06/2020,AVERAGE,20,Quintal,2800.0,3200.0,3000.0
,19/06/2020,AVERAGE,15,Quintal,2800.0,3200.0,3000.0
,20/06/2020,AVERAGE,20,Quintal,3000.0,3200.0,3100.0
,21/06/2020,AVERAGE,35,Quintal,2200.0,2800.0,2500.0
,23/06/2020,AVERAGE,25,Quintal,2400.0,3000.0,2500.0
,24/06/2020,AVERAGE,20,Quintal,2800.0,3200.0,3000.0
,25/06/2020,AVERAGE,30,Quintal,3000.0,3500.0,3200.0
,26/06/2020,AVERAGE,25,Quintal,3000.0,3500.0,3200.0
,27/06/2020,AVERAGE,20,Quintal,3000.0,3500.0,3300.0
,28/06/2020,AVERAGE,25,Quintal,3200.0,3600.0,3400.0
,30/06/2020,AVERAGE,35,Quintal,2500.0,3200.0,2800.0
Sub Total,Sub Total,Sub Total,567,,,,
DHARWAR,01/06/2020,AVERAGE,47,Quintal,2500.0,3000.0,2750.0
,02/06/2020,AVERAGE,14,Quintal,2500.0,3000.0,2750.0
,03/06/2020,AVERAGE,11,Quintal,2000.0,2500.0,2250.0
,04/06/2020,AVERAGE,25,Quintal,2000.0,2500.0,2250.0
,06/06/2020,AVERAGE,35,Quintal,2000.0,2500.0,2250.0
,07/06/2020,AVERAGE,25,Quintal,2000.0,2500.0,2250.0
,08/06/2020,AVERAGE,35,Quintal,2000.0,2500.0,2250.0
,09/06/2020,AVERAGE,31,Quintal,2000.0,2500.0,2250.0
,11/06/2020,AVERAGE,17,Quintal,2000.0,2500.0,2250.0
,13/06/2020,AVERAGE,29,Quintal,4000.0,5000.0,4500.0
,15/06/2020,AVERAGE,16,Quintal,4000.0,5000.0,4500.0
,16/06/2020,AVERAGE,27,Quintal,2500.0,3500.0,3000.0
,17/06/2020,AVERAGE,22,Quintal,2500.0,3500.0,3000.0
,18/06/2020,AVERAGE,20,Quintal,2500.0,3500.0,3000.0
,20/06/2020,AVERAGE,27,Quintal,2500.0,3500.0,3000.0
,23/06/2020,AVERAGE,31,Quintal,2500.0,3500.0,3000.0
,24/06/2020,AVERAGE,9,Quintal,2500.0,3000.0,2750.0
,27/06/2020,AVERAGE,34,Quintal,4000.0,4500.0,4250.0
,28/06/2020,AVERAGE,22,Quintal,3500.0,4000.0,3750.0
,30/06/2020,AVERAGE,23,Quintal,3500.0,4000.0,3750.0
Sub Total,Sub Total,Sub Total,500,,,,
DODDABALLAPUR,01/06/2020,AVERAGE,2,Quintal,2500.0,3200.0,2800.0
,02/06/2020,AVERAGE,2,Quintal,2500.0,3200.0,2900.0
,03/06/2020,AVERAGE,3,Quintal,2500.0,3200.0,2900.0
,04/06/2020,AVERAGE,4,Quintal,2500.0,3200.0,2800.0
,05/06/2020,AVERAGE,3,Quintal,2500.0,3200.0,2800.0
,06/06/2020,AVERAGE,4,Quintal,2500.0,3200.0,2800.0
,08/06/2020,AVERAGE,3,Quintal,2500.0,3200.0,2800.0
,09/06/2020,AVERAGE,2,Quintal,2500.0,3200.0,2800.0
,10/06/2020,AVERAGE,3,Quintal,2500.0,3500.0,3000.0
,11/06/2020,AVERAGE,3,Quintal,2500.0,4000.0,3200.0
,12/06/2020,AVERAGE,3,Quintal,2500.0,4000.0,3200.0
,15/06/2020,AVERAGE,3,Quintal,2500.0,4000.0,3000.0
,16/06/2020,AVERAGE,4,Quintal,2500.0,4000.0,3000.0
,17/06/2020,AVERAGE,2,Quintal,3000.0,4000.0,3500.0
,18/06/2020,AVERAGE,3,Quintal,3000.0,4000.0,3500.0
,20/06/2020,AVERAGE,4,Quintal,3000.0,4000.0,3500.0
,22/06/2020,AVERAGE,4,Quintal,3000.0,4000.0,3500.0
Sub Total,Sub Total,Sub Total,52,,,,
GOWRIBIDNUR,03/06/2020,AVERAGE,20,Quintal,800.0,900.0,850.0
,04/06/2020,AVERAGE,10,Quintal,800.0,900.0,850.0
,20/06/2020,AVERAGE,10,Quintal,4000.0,5000.0,4500.0
Sub Total,Sub Total,Sub Total,40,,,,
HUBBALLI,01/06/2020,AVERAGE,9,Quintal,500.0,1300.0,900.0
,02/06/2020,AVERAGE,12,Quintal,700.0,1400.0,1000.0
,03/06/2020,AVERAGE,17,Quintal,600.0,1400.0,1100.0
,04/06/2020,AVERAGE,24,Quintal,600.0,1200.0,1000.0
,06/06/2020,AVERAGE,17,Quintal,600.0,1250.0,850.0
,09/06/2020,AVERAGE,18,Quintal,500.0,1000.0,700.0
,10/06/2020,AVERAGE,21,Quintal,500.0,1000.0,700.0
,11/06/2020,AVERAGE,25,Quintal,500.0,1100.0,800.0
,13/06/2020,AVERAGE,13,Quintal,500.0,1100.0,800.0
,16/06/2020,AVERAGE,21,Quintal,600.0,1200.0,1000.0
,17/06/2020,AVERAGE,21,Quintal,500.0,1100.0,900.0
,18/06/2020,AVERAGE,10,Quintal,500.0,1000.0,700.0
,19/06/2020,AVERAGE,31,Quintal,500.0,1100.0,850.0
,20/06/2020,AVERAGE,27,Quintal,500.0,1100.0,850.0
,23/06/2020,AVERAGE,11,Quintal,500.0,1000.0,700.0
,24/06/2020,AVERAGE,14,Quintal,500.0,1100.0,800.0
,25/06/2020,AVERAGE,16,Quintal,600.0,1000.0,800.0
,26/06/2020,AVERAGE,26,Quintal,600.0,1050.0,800.0
,30/06/2020,AVERAGE,35,Quintal,550.0,1050.0,750.0
Sub Total,Sub Total,Sub Total,368,,,,
KOLAR,01/06/2020,AVERAGE,60,Quintal,3000.0,3500.0,3300.0
,02/06/2020,AVERAGE,90,Quintal,3000.0,3500.0,3300.0
,03/06/2020,AVERAGE,80,Quintal,3000.0,3500.0,3300.0
,04/06/2020,AVERAGE,60,Quintal,3000.0,3500.0,3300.0
,05/06/2020,AVERAGE,45,Quintal,2500.0,3500.0,3000.0
,07/06/2020,AVERAGE,77,Quintal,3500.0,3800.0,3700.0
,08/06/2020,AVERAGE,40,Quintal,4000.0,4500.0,4300.0
,09/06/2020,AVERAGE,65,Quintal,3000.0,4500.0,3700.0
,10/06/2020,AVERAGE,90,Quintal,4000.0,4200.0,4100.0
,11/06/2020,AVERAGE,40,Quintal,3500.0,5000.0,4200.0
,12/06/2020,AVERAGE,53,Quintal,3500.0,4500.0,4000.0
,14/06/2020,AVERAGE,80,Quintal,4000.0,5000.0,4500.0
,15/06/2020,AVERAGE,65,Quintal,4500.0,5000.0,4700.0
,16/06/2020,AVERAGE,45,Quintal,4000.0,5000.0,4500.0
,17/06/2020,AVERAGE,86,Quintal,4000.0,5000.0,4500.0
,18/06/2020,AVERAGE,38,Quintal,4000.0,5000.0,4500.0
,19/06/2020,AVERAGE,120,Quintal,4000.0,5000.0,4500.0
,21/06/2020,AVERAGE,118,Quintal,4500.0,5000.0,4700.0
,22/06/2020,AVERAGE,25,Quintal,4000.0,5000.0,4500.0
,23/06/2020,AVERAGE,102,Quintal,4000.0,5500.0,4700.0
,24/06/2020,AVERAGE,30,Quintal,4000.0,5500.0,4700.0
,25/06/2020,AVERAGE,80,Quintal,4000.0,6000.0,5000.0
,26/06/2020,AVERAGE,40,Quintal,4000.0,5500.0,4700.0
,29/06/2020,AVERAGE,97,Quintal,4000.0,5000.0,4500.0
,30/06/2020,AVERAGE,20,Quintal,4000.0,5000.0,4500.0
Sub Total,Sub Total,Sub Total,1646,,,,
MYSURU,01/06/2020,AVERAGE,35,Quintal,4000.0,4800.0,4500.0
,02/06/2020,AVERAGE,40,Quintal,4300.0,4500.0,4450.0
,03/06/2020,AVERAGE,30,Quintal,4300.0,4500.0,4400.0
,04/06/2020,AVERAGE,32,Quintal,4000.0,4300.0,4200.0
,05/06/2020,AVERAGE,31,Quintal,4000.0,4300.0,4200.0
,07/06/2020,AVERAGE,34,Quintal,4000.0,4500.0,4450.0
,08/06/2020,AVERAGE,31,Quintal,4800.0,5000.0,4900.0
,09/06/2020,AVERAGE,52,Quintal,5000.0,5300.0,5200.0
,10/06/2020,AVERAGE,34,Quintal,5800.0,6000.0,5900.0
,11/06/2020,AVERAGE,35,Quintal,5200.0,6000.0,5900.0
,12/06/2020,AVERAGE,18,Quintal,5800.0,6000.0,5900.0
,14/06/2020,AVERAGE,36,Quintal,5800.0,6000.0,5900.0
,15/06/2020,AVERAGE,45,Quintal,5600.0,5800.0,5700.0
,16/06/2020,AVERAGE,31,Quintal,5600.0,5800.0,5700.0
,17/06/2020,AVERAGE,41,Quintal,5600.0,5800.0,5700.0
,18/06/2020,AVERAGE,31,Quintal,6000.0,6200.0,6100.0
,19/06/2020,AVERAGE,45,Quintal,6000.0,6200.0,6100.0
,21/06/2020,AVERAGE,26,Quintal,6000.0,6200.0,6100.0
,22/06/2020,AVERAGE,31,Quintal,6000.0,6200.0,6100.0
,23/06/2020,AVERAGE,31,Quintal,5800.0,6000.0,5900.0
,24/06/2020,AVERAGE,35,Quintal,5800.0,6000.0,5900.0
,25/06/2020,AVERAGE,26,Quintal,6000.0,6200.0,6100.0
,26/06/2020,AVERAGE,32,Quintal,6000.0,6200.0,6100.0
,28/06/2020,AVERAGE,35,Quintal,5800.0,6000.0,5900.0
,29/06/2020,AVERAGE,34,Quintal,5800.0,6000.0,5900.0
,30/06/2020,AVERAGE,26,Quintal,5800.0,6000.0,5900.0
Sub Total,Sub Total,Sub Total,877,,,,
NANJANGUD,02/06/2020,AVERAGE,3,Quintal,4000.0,4800.0,4500.0
,03/06/2020,AVERAGE,2,Quintal,4300.0,4500.0,4450.0
,04/06/2020,AVERAGE,5,Quintal,4300.0,4500.0,4400.0
,05/06/2020,AVERAGE,5,Quintal,4000.0,4300.0,4200.0
,06/06/2020,AVERAGE,5,Quintal,4000.0,4300.0,4200.0
,07/06/2020,AVERAGE,2,Quintal,4000.0,4300.0,4200.0
,08/06/2020,AVERAGE,4,Quintal,4000.0,4300.0,4200.0
,09/06/2020,AVERAGE,5,Quintal,4800.0,5000.0,4900.0
,10/06/2020,AVERAGE,3,Quintal,5000.0,5300.0,5200.0
,12/06/2020,AVERAGE,7,Quintal,5200.0,6000.0,5900.0
,13/06/2020,AVERAGE,9,Quintal,5800.0,6000.0,5900.0
,14/06/2020,AVERAGE,4,Quintal,5800.0,6000.0,5900.0
,15/06/2020,AVERAGE,5,Quintal,5800.0,6000.0,5900.0
,16/06/2020,AVERAGE,3,Quintal,5600.0,5800.0,5700.0
,17/06/2020,AVERAGE,6,Quintal,5600.0,5800.0,5700.0
,18/06/2020,AVERAGE,4,Quintal,6000.0,6200.0,6100.0
,19/06/2020,AVERAGE,2,Quintal,6000.0,6200.0,6100.0
,21/06/2020,AVERAGE,9,Quintal,6000.0,6200.0,6100.0
,22/06/2020,AVERAGE,7,Quintal,6000.0,6200.0,6100.0
,24/06/2020,AVERAGE,4,Quintal,5800.0,6000.0,5900.0
,25/06/2020,AVERAGE,17,Quintal,5800.0,6000.0,5900.0
,26/06/2020,AVERAGE,7,Quintal,6000.0,6200.0,6100.0
Sub Total,Sub Total,Sub Total,118,,,,
RAMANAGARA,01/06/2020,AVERAGE,5,Quintal,4000.0,4400.0,4200.0
,02/06/2020,AVERAGE,6,Quintal,3800.0,4200.0,4000.0
,03/06/2020,AVERAGE,5,Quintal,3800.0,4200.0,4000.0
,04/06/2020,AVERAGE,6,Quintal,4000.0,4400.0,4200.0
,05/06/2020,AVERAGE,4,Quintal,4000.0,4400.0,4200.0
,06/06/2020,AVERAGE,5,Quintal,3800.0,4200.0,4000.0
,07/06/2020,AVERAGE,5,Quintal,4000.0,4200.0,4100.0
,08/06/2020,AVERAGE,6,Quintal,5000.0,6000.0,5500.0
,09/06/2020,AVERAGE,5,Quintal,6000.0,6400.0,6200.0
,10/06/2020,AVERAGE,4,Quintal,5000.0,6000.0,5500.0
,11/06/2020,AVERAGE,4,Quintal,5000.0,5400.0,5200.0
,12/06/2020,AVERAGE,5,Quintal,5000.0,5800.0,5400.0
,13/06/2020,AVERAGE,5,Quintal,5000.0,6000.0,5500.0
,14/06/2020,AVERAGE,4,Quintal,5600.0,6000.0,5800.0
,15/06/2020,AVERAGE,5,Quintal,5000.0,6000.0,5600.0
,16/06/2020,AVERAGE,4,Quintal,5800.0,6200.0,6000.0
,17/06/2020,AVERAGE,4,Quintal,5600.0,6000.0,5800.0
,18/06/2020,AVERAGE,4,Quintal,5800.0,6200.0,6000.0
,19/06/2020,AVERAGE,3,Quintal,5000.0,6000.0,5600.0
,20/06/2020,AVERAGE,4,Quintal,5800.0,6200.0,6000.0
,22/06/2020,AVERAGE,2,Quintal,5800.0,6000.0,5900.0
,23/06/2020,AVERAGE,5,Quintal,5800.0,6200.0,6000.0
,24/06/2020,AVERAGE,4,Quintal,6000.0,6200.0,6100.0
,25/06/2020,AVERAGE,4,Quintal,5000.0,6000.0,5500.0
,26/06/2020,AVERAGE,5,Quintal,5000.0,5800.0,5400.0
,27/06/2020,AVERAGE,3,Quintal,5800.0,6200.0,6000.0
,29/06/2020,AVERAGE,4,Quintal,5800.0,6200.0,6000.0
,30/06/2020,AVERAGE,4,Quintal,5000.0,6000.0,5500.0
Sub Total,Sub Total,Sub Total,124,,,,
T.NARSIPUR,05/06/2020,AVERAGE,1,Quintal,2000.0,3000.0,2500.0
,13/06/2020,AVERAGE,1,Quintal,1500.0,3000.0,2500.0
,14/06/2020,AVERAGE,1,Quintal,2000.0,3000.0,2500.0
,16/06/2020,AVERAGE,1,Quintal,5000.0,5000.0,5000.0
Sub Total,Sub Total,Sub Total,4,,,,
,,Grand Total,8415,,,,
BAGEPALLI,01/07/2020,AVERAGE,14,Quintal,1600.0,2500.0,2000.0
,02/07/2020,AVERAGE,12,Quintal,2000.0,3000.0,2650.0
,04/07/2020,AVERAGE,15,Quintal,2000.0,3200.0,2450.0
,06/07/2020,AVERAGE,10,Quintal,1400.0,2000.0,1750.0
,07/07/2020,AVERAGE,12,Quintal,1800.0,2200.0,2000.0
Sub Total,Sub Total,Sub Total,63,,,,
BINNY MILL (F&V),01/07/2020,AVERAGE,56,Quintal,3500.0,3800.0,3700.0
,02/07/2020,AVERAGE,80,Quintal,3200.0,3400.0,3300.0
,03/07/2020,AVERAGE,46,Quintal,3000.0,3400.0,3200.0
,04/07/2020,AVERAGE,80,Quintal,3200.0,3400.0,3300.0
,06/07/2020,AVERAGE,40,Quintal,3500.0,4000.0,3700.0
,07/07/2020,AVERAGE,63,Quintal,3500.0,4000.0,3800.0
,08/07/2020,AVERAGE,56,Quintal,4600.0,4800.0,4700.0
,09/07/2020,AVERAGE,67,Quintal,3000.0,3200.0,3100.0
,10/07/2020,AVERAGE,34,Quintal,3600.0,3800.0,3700.0
,13/07/2020,AVERAGE,24,Quintal,5600.0,6000.0,5800.0
,14/07/2020,AVERAGE,115,Quintal,4600.0,4800.0,4700.0
,15/07/2020,AVERAGE,41,Quintal,6800.0,7000.0,6900.0
,16/07/2020,AVERAGE,89,Quintal,6400.0,6800.0,6600.0
,17/07/2020,AVERAGE,46,Quintal,4600.0,4800.0,4700.0
,18/07/2020,AVERAGE,162,Quintal,3800.0,4000.0,3900.0
,20/07/2020,AVERAGE,179,Quintal,5200.0,5400.0,5300.0
,21/07/2020,AVERAGE,124,Quintal,6800.0,7000.0,6900.0
,22/07/2020,AVERAGE,134,Quintal,4000.0,4800.0,4400.0
,23/07/2020,AVERAGE,103,Quintal,5600.0,5800.0,5700.0
,24/07/2020,AVERAGE,100,Quintal,5600.0,5800.0,5700.0
,27/07/2020,AVERAGE,178,Quintal,5200.0,5400.0,5300.0
,28/07/2020,AVERAGE,134,Quintal,7600.0,7800.0,7700.0
,29/07/2020,AVERAGE,65,Quintal,7200.0,7400.0,7300.0
,30/07/2020,AVERAGE,24,Quintal,760.0,7800.0,7700.0
,31/07/2020,AVERAGE,40,Quintal,6200.0,6400.0,6300.0
Sub Total,Sub Total,Sub Total,2080,,,,
CHICKBALLAPUR,01/07/2020,AVERAGE,52,Quintal,400.0,500.0,450.0
,03/07/2020,AVERAGE,40,Quintal,3000.0,4000.0,3500.0
,04/07/2020,AVERAGE,40,Quintal,3000.0,4000.0,3500.0
,06/07/2020,AVERAGE,30,Quintal,3500.0,4000.0,3750.0
,07/07/2020,AVERAGE,35,Quintal,3000.0,4000.0,3500.0
,08/07/2020,AVERAGE,25,Quintal,3000.0,4000.0,3500.0
,10/07/2020,AVERAGE,32,Quintal,3000.0,4000.0,3500.0
,11/07/2020,AVERAGE,40,Quintal,3000.0,4000.0,3500.0
,13/07/2020,AVERAGE,45,Quintal,3500.0,4500.0,4000.0
,15/07/2020,AVERAGE,5,Quintal,4000.0,5000.0,4500.0
,17/07/2020,AVERAGE,44,Quintal,3500.0,4000.0,3750.0
,20/07/2020,AVERAGE,23,Quintal,3000.0,4000.0,3500.0
,21/07/2020,AVERAGE,50,Quintal,3000.0,4000.0,3500.0
,22/07/2020,AVERAGE,60,Quintal,3000.0,4500.0,3750.0
,24/07/2020,AVERAGE,35,Quintal,3000.0,4000.0,3500.0
,27/07/2020,AVERAGE,20,Quintal,3500.0,4000.0,3750.0
,28/07/2020,AVERAGE,35,Quintal,3000.0,4000.0,3500.0
,29/07/2020,AVERAGE,40,Quintal,3000.0,4500.0,3750.0
,30/07/2020,AVERAGE,10,Quintal,3000.0,4000.0,3500.0
,31/07/2020,AVERAGE,25,Quintal,4000.0,5000.0,4250.0
Sub Total,Sub Total,Sub Total,686,,,,
CHINTAMANI,01/07/2020,AVERAGE,4,Quintal,3000.0,4000.0,3500.0
,02/07/2020,AVERAGE,4,Quintal,4000.0,5000.0,4500.0
,03/07/2020,AVERAGE,4,Quintal,3000.0,4000.0,3500.0
,04/07/2020,AVERAGE,4,Quintal,2000.0,3000.0,2500.0
,06/07/2020,AVERAGE,4,Quintal,3000.0,4000.0,3500.0
,07/07/2020,AVERAGE,4,Quintal,4000.0,5000.0,4500.0
,08/07/2020,AVERAGE,4,Quintal,3000.0,4000.0,3500.0
,09/07/2020,AVERAGE,4,Quintal,3000.0,4000.0,3500.0
,10/07/2020,AVERAGE,4,Quintal,3000.0,4000.0,3500.0
,11/07/2020,AVERAGE,6,Quintal,3000.0,4000.0,3500.0
,12/07/2020,AVERAGE,4,Quintal,3000.0,4000.0,3500.0
,13/07/2020,AVERAGE,4,Quintal,3000.0,4000.0,3500.0
,14/07/2020,AVERAGE,4,Quintal,3000.0,4000.0,3500.0
,15/07/2020,AVERAGE,4,Quintal,3000.0,4000.0,3500.0
,16/07/2020,AVERAGE,5,Quintal,2500.0,3500.0,3000.0
,17/07/2020,AVERAGE,4,Quintal,3000.0,4000.0,3500.0
,18/07/2020,AVERAGE,4,Quintal,3000.0,4000.0,3500.0
,19/07/2020,AVERAGE,3,Quintal,2000.0,3500.0,2750.0
,20/07/2020,AVERAGE,4,Quintal,3000.0,4000.0,3500.0
,21/07/2020,AVERAGE,5,Quintal,2500.0,3500.0,3000.0
,22/07/2020,AVERAGE,4,Quintal,3000.0,4000.0,3500.0
,24/07/2020,AVERAGE,5,Quintal,3000.0,4000.0,3500.0
,25/07/2020,AVERAGE,4,Quintal,3000.0,4000.0,3500.0
,26/07/2020,AVERAGE,4,Quintal,3000.0,4000.0,3500.0
,27/07/2020,AVERAGE,4,Quintal,3500.0,4500.0,4000.0
,28/07/2020,AVERAGE,4,Quintal,3000.0,4000.0,3500.0
,29/07/2020,AVERAGE,4,Quintal,3000.0,4000.0,3500.0
,30/07/2020,AVERAGE,4,Quintal,3000.0,4000.0,3500.0
,31/07/2020,AVERAGE,4,Quintal,3000.0,4000.0,3500.0
Sub Total,Sub Total,Sub Total,120,,,,
DAVANAGERE,01/07/2020,AVERAGE,30,Quintal,3500.0,5000.0,4200.0
,02/07/2020,AVERAGE,25,Quintal,3000.0,4000.0,3500.0
,03/07/2020,AVERAGE,15,Quintal,3000.0,4000.0,3500.0
,04/07/2020,AVERAGE,15,Quintal,3500.0,4200.0,4000.0
,07/07/2020,AVERAGE,15,Quintal,3200.0,3500.0,3400.0
,08/07/2020,AVERAGE,15,Quintal,2400.0,2600.0,2500.0
,09/07/2020,AVERAGE,15,Quintal,3000.0,5000.0,4200.0
,10/07/2020,AVERAGE,25,Quintal,2500.0,3500.0,3000.0
,11/07/2020,AVERAGE,30,Quintal,3200.0,3600.0,3400.0
,14/07/2020,AVERAGE,20,Quintal,3200.0,3500.0,3300.0
,15/07/2020,AVERAGE,25,Quintal,3200.0,3500.0,3300.0
,16/07/2020,AVERAGE,20,Quintal,3000.0,3300.0,3200.0
,17/07/2020,AVERAGE,20,Quintal,3200.0,3600.0,3400.0
,18/07/2020,AVERAGE,25,Quintal,3200.0,3800.0,3600.0
,21/07/2020,AVERAGE,30,Quintal,3200.0,3800.0,3600.0
,22/07/2020,AVERAGE,25,Quintal,3000.0,3500.0,3200.0
,23/07/2020,AVERAGE,30,Quintal,3000.0,3600.0,3200.0
,24/07/2020,AVERAGE,25,Quintal,3500.0,4000.0,3600.0
,25/07/2020,AVERAGE,30,Quintal,3500.0,4000.0,3800.0
,26/07/2020,AVERAGE,35,Quintal,3000.0,3400.0,3200.0
,28/07/2020,AVERAGE,30,Quintal,4000.0,4500.0,4200.0
,29/07/2020,AVERAGE,25,Quintal,3600.0,4200.0,4000.0
,30/07/2020,AVERAGE,30,Quintal,3600.0,4200.0,4000.0
,31/07/2020,AVERAGE,20,Quintal,3500.0,4200.0,3800.0
Sub Total,Sub Total,Sub Total,575,,,,
DHARWAR,01/07/2020,AVERAGE,22,Quintal,3500.0,4000.0,3750.0
,02/07/2020,AVERAGE,223,Quintal,3500.0,4000.0,3750.0
,03/07/2020,AVERAGE,21,Quintal,3500.0,4000.0,3750.0
,06/07/2020,AVERAGE,13,Quintal,4000.0,4500.0,4250.0
,13/07/2020,AVERAGE,18,Quintal,1800.0,2000.0,1900.0
,14/07/2020,AVERAGE,20,Quintal,4000.0,4500.0,4250.0
,15/07/2020,AVERAGE,12,Quintal,4000.0,4500.0,4250.0
,16/07/2020,AVERAGE,10,Quintal,4500.0,4500.0,4500.0
,17/07/2020,AVERAGE,13,Quintal,4500.0,4500.0,4500.0
,18/07/2020,AVERAGE,13,Quintal,4500.0,4500.0,4500.0
,20/07/2020,AVERAGE,88,Quintal,4500.0,4500.0,4500.0
,21/07/2020,AVERAGE,18,Quintal,4500.0,4500.0,4500.0
,22/07/2020,AVERAGE,14,Quintal,3500.0,4000.0,3750.0
,23/07/2020,AVERAGE,20,Quintal,3500.0,4000.0,3750.0
,27/07/2020,AVERAGE,12,Quintal,3500.0,4000.0,3750.0
,29/07/2020,AVERAGE,14,Quintal,3500.0,4000.0,3750.0
,30/07/2020,AVERAGE,25,Quintal,3500.0,4000.0,3750.0
Sub Total,Sub Total,Sub Total,556,,,,
DODDABALLAPUR,01/07/2020,AVERAGE,4,Quintal,2500.0,3500.0,3000.0
,03/07/2020,AVERAGE,4,Quintal,2500.0,3500.0,3000.0
,04/07/2020,AVERAGE,4,Quintal,2500.0,3500.0,3000.0
,07/07/2020,AVERAGE,3,Quintal,2000.0,3000.0,2400.0
,08/07/2020,AVERAGE,3,Quintal,2000.0,3000.0,2400.0
,09/07/2020,AVERAGE,3,Quintal,2000.0,3000.0,2400.0
,10/07/2020,AVERAGE,3,Quintal,2000.0,3000.0,2400.0
,13/07/2020,AVERAGE,3,Quintal,2000.0,3000.0,2500.0
,18/07/2020,AVERAGE,4,Quintal,2000.0,3000.0,2400.0
,27/07/2020,AVERAGE,3,Quintal,3500.0,4500.0,4100.0
,28/07/2020,AVERAGE,4,Quintal,3500.0,4500.0,4100.0
,29/07/2020,AVERAGE,3,Quintal,3500.0,4500.0,4000.0
Sub Total,Sub Total,Sub Total,41,,,,
HUBBALLI,01/07/2020,AVERAGE,18,Quintal,500.0,1100.0,800.0
,04/07/2020,AVERAGE,33,Quintal,600.0,1200.0,900.0
Sub Total,Sub Total,Sub Total,51,,,,
KOLAR,01/07/2020,AVERAGE,95,Quintal,4000.0,5000.0,4500.0
,02/07/2020,AVERAGE,19,Quintal,4000.0,4500.0,4300.0
,03/07/2020,AVERAGE,35,Quintal,4000.0,4500.0,4300.0
,05/07/2020,AVERAGE,11,Quintal,4000.0,4500.0,4300.0
,06/07/2020,AVERAGE,70,Quintal,4000.0,5000.0,4500.0
,07/07/2020,AVERAGE,68,Quintal,4000.0,5000.0,4500.0
,08/07/2020,AVERAGE,22,Quintal,4000.0,5500.0,4700.0
,09/07/2020,AVERAGE,70,Quintal,4000.0,5500.0,4700.0
,10/07/2020,AVERAGE,15,Quintal,5000.0,5500.0,5300.0
,13/07/2020,AVERAGE,20,Quintal,4500.0,5000.0,4700.0
,14/07/2020,AVERAGE,42,Quintal,4000.0,6000.0,5000.0
,15/07/2020,AVERAGE,75,Quintal,4000.0,5000.0,4500.0
,16/07/2020,AVERAGE,30,Quintal,4000.0,5000.0,4500.0
,17/07/2020,AVERAGE,30,Quintal,4000.0,5000.0,4500.0
,20/07/2020,AVERAGE,15,Quintal,4000.0,6000.0,5000.0
,21/07/2020,AVERAGE,75,Quintal,5000.0,5500.0,5300.0
,22/07/2020,AVERAGE,45,Quintal,5000.0,5500.0,5300.0
,23/07/2020,AVERAGE,42,Quintal,4000.0,5500.0,4700.0
,24/07/2020,AVERAGE,50,Quintal,4600.0,5500.0,5000.0
,26/07/2020,AVERAGE,32,Quintal,4500.0,5500.0,5000.0
,27/07/2020,AVERAGE,85,Quintal,4000.0,6000.0,5000.0
,28/07/2020,AVERAGE,42,Quintal,4500.0,6000.0,5200.0
,29/07/2020,AVERAGE,39,Quintal,4000.0,6000.0,5000.0
,30/07/2020,AVERAGE,32,Quintal,4000.0,5500.0,4700.0
,31/07/2020,AVERAGE,55,Quintal,5000.0,5500.0,5300.0
Sub Total,Sub Total,Sub Total,1114,,,,
MALUR,15/07/2020,AVERAGE,165,Quintal,800.0,1000.0,900.0
Sub Total,Sub Total,Sub Total,165,,,,
MYSURU,01/07/2020,AVERAGE,30,Quintal,5600.0,5950.0,5800.0
,02/07/2020,AVERAGE,47,Quintal,5000.0,5500.0,5200.0
,03/07/2020,AVERAGE,29,Quintal,5000.0,5500.0,5200.0
,05/07/2020,AVERAGE,37,Quintal,5000.0,5300.0,5200.0
,06/07/2020,AVERAGE,24,Quintal,5000.0,5300.0,5100.0
,07/07/2020,AVERAGE,35,Quintal,5000.0,5300.0,5200.0
,08/07/2020,AVERAGE,31,Quintal,5000.0,5300.0,5100.0
,09/07/2020,AVERAGE,42,Quintal,5800.0,6000.0,5900.0
,10/07/2020,AVERAGE,37,Quintal,6000.0,6500.0,6300.0
,12/07/2020,AVERAGE,43,Quintal,6000.0,6700.0,6300.0
,13/07/2020,AVERAGE,40,Quintal,6500.0,6700.0,6650.0
,14/07/2020,AVERAGE,37,Quintal,6500.0,6700.0,6600.0
,15/07/2020,AVERAGE,40,Quintal,6500.0,6700.0,6600.0
,16/07/2020,AVERAGE,40,Quintal,6000.0,6500.0,6300.0
,17/07/2020,AVERAGE,37,Quintal,5500.0,6000.0,5800.0
,19/07/2020,AVERAGE,32,Quintal,5800.0,6000.0,5950.0
,20/07/2020,AVERAGE,36,Quintal,5000.0,5500.0,5300.0
,21/07/2020,AVERAGE,35,Quintal,5000.0,5500.0,5200.0
,22/07/2020,AVERAGE,31,Quintal,5300.0,5500.0,5400.0
,23/07/2020,AVERAGE,35,Quintal,5300.0,5500.0,5400.0
,24/07/2020,AVERAGE,34,Quintal,5300.0,5500.0,5400.0
,26/07/2020,AVERAGE,32,Quintal,5000.0,5500.0,5200.0
,27/07/2020,AVERAGE,42,Quintal,5600.0,5800.0,5700.0
,28/07/2020,AVERAGE,29,Quintal,5800.0,6000.0,5900.0
,29/07/2020,AVERAGE,27,Quintal,5800.0,6000.0,5900.0
,30/07/2020,AVERAGE,43,Quintal,5800.0,6000.0,5900.0
,31/07/2020,AVERAGE,33,Quintal,5800.0,6000.0,5900.0
Sub Total,Sub Total,Sub Total,958,,,,
NANJANGUD,01/07/2020,AVERAGE,3,Quintal,5800.0,6000.0,5900.0
,03/07/2020,AVERAGE,7,Quintal,5000.0,5500.0,5200.0
,04/07/2020,AVERAGE,5,Quintal,5000.0,5500.0,5200.0
,06/07/2020,AVERAGE,2,Quintal,5000.0,5500.0,5200.0
,07/07/2020,AVERAGE,5,Quintal,5000.0,5300.0,5200.0
,08/07/2020,AVERAGE,5,Quintal,5000.0,5300.0,5100.0
,09/07/2020,AVERAGE,8,Quintal,5000.0,5300.0,5100.0
,10/07/2020,AVERAGE,4,Quintal,5800.0,6000.0,5900.0
,12/07/2020,AVERAGE,7,Quintal,5800.0,6000.0,5900.0
,13/07/2020,AVERAGE,5,Quintal,6000.0,6700.0,6300.0
,15/07/2020,AVERAGE,8,Quintal,6500.0,6700.0,6650.0
,16/07/2020,AVERAGE,5,Quintal,6500.0,6700.0,6600.0
,17/07/2020,AVERAGE,4,Quintal,6000.0,6500.0,6300.0
,18/07/2020,AVERAGE,13,Quintal,5500.0,6000.0,5800.0
,19/07/2020,AVERAGE,7,Quintal,5500.0,6000.0,5800.0
,20/07/2020,AVERAGE,5,Quintal,3500.0,4000.0,3800.0
,21/07/2020,AVERAGE,8,Quintal,5000.0,5500.0,5300.0
,22/07/2020,AVERAGE,5,Quintal,5000.0,5500.0,5200.0
,23/07/2020,AVERAGE,5,Quintal,5300.0,5500.0,5400.0
,24/07/2020,AVERAGE,8,Quintal,5300.0,5500.0,5400.0
,25/07/2020,AVERAGE,4,Quintal,5300.0,5500.0,5400.0
,27/07/2020,AVERAGE,8,Quintal,5300.0,5500.0,5400.0
,28/07/2020,AVERAGE,6,Quintal,5600.0,5800.0,5700.0
,29/07/2020,AVERAGE,4,Quintal,5800.0,6000.0,5900.0
,30/07/2020,AVERAGE,8,Quintal,5800.0,6000.0,5900.0
,31/07/2020,AVERAGE,10,Quintal,5800.0,6000.0,5900.0
Sub Total,Sub Total,Sub Total,159,,,,
RAMANAGARA,01/07/2020,AVERAGE,4,Quintal,5000.0,6000.0,5500.0
,02/07/2020,AVERAGE,4,Quintal,5000.0,5400.0,5200.0
,03/07/2020,AVERAGE,4,Quintal,5000.0,5400.0,5200.0
,04/07/2020,AVERAGE,5,Quintal,5000.0,6000.0,5500.0
,06/07/2020,AVERAGE,2,Quintal,6800.0,7000.0,6900.0
,08/07/2020,AVERAGE,4,Quintal,5800.0,6200.0,6000.0
,09/07/2020,AVERAGE,4,Quintal,5000.0,6000.0,5400.0
,11/07/2020,AVERAGE,4,Quintal,5200.0,6000.0,5600.0
,13/07/2020,AVERAGE,4,Quintal,5000.0,6000.0,5500.0
,14/07/2020,AVERAGE,4,Quintal,5000.0,6000.0,5500.0
,17/07/2020,AVERAGE,4,Quintal,7000.0,8000.0,7500.0
,18/07/2020,AVERAGE,4,Quintal,7000.0,8000.0,7500.0
,21/07/2020,AVERAGE,4,Quintal,6000.0,6800.0,6400.0
,22/07/2020,AVERAGE,3,Quintal,6000.0,6200.0,6100.0
,23/07/2020,AVERAGE,4,Quintal,5000.0,6000.0,5500.0
,24/07/2020,AVERAGE,4,Quintal,5800.0,6200.0,6000.0
,25/07/2020,AVERAGE,4,Quintal,6000.0,6400.0,6200.0
,27/07/2020,AVERAGE,3,Quintal,6000.0,7000.0,6500.0
,28/07/2020,AVERAGE,5,Quintal,5500.0,6100.0,5800.0
,29/07/2020,AVERAGE,4,Quintal,6000.0,7000.0,6500.0
,30/07/2020,AVERAGE,6,Quintal,6000.0,7000.0,6500.0
,31/07/2020,AVERAGE,5,Quintal,6000.0,6800.0,6400.0
Sub Total,Sub Total,Sub Total,89,,,,
UDIPI,01/07/2020,AVERAGE,16,Quintal,5500.0,6000.0,5800.0
,02/07/2020,AVERAGE,2,Quintal,5500.0,6000.0,5800.0
,03/07/2020,AVERAGE,2,Quintal,5500.0,6000.0,5800.0
,04/07/2020,AVERAGE,2,Quintal,5500.0,6000.0,5800.0
,23/07/2020,AVERAGE,2,Quintal,5000.0,5200.0,5100.0
,24/07/2020,AVERAGE,2,Quintal,5000.0,5200.0,5100.0
,27/07/2020,AVERAGE,2,Quintal,5000.0,5200.0,5100.0
,28/07/2020,AVERAGE,2,Quintal,5000.0,5200.0,5100.0
,29/07/2020,AVERAGE,17,Quintal,5000.0,5500.0,5300.0
,30/07/2020,AVERAGE,2,Quintal,5000.0,5500.0,5300.0
Sub Total,Sub Total,Sub Total,49,,,,
,,Grand Total,6706,,,,
BANGARPET,11/08/2020,AVERAGE,2,Quintal,3000.0,4000.0,3500.0
,29/08/2020,AVERAGE,2,Quintal,2000.0,2800.0,2600.0
Sub Total,Sub Total,Sub Total,4,,,,
BELAGAVI,08/08/2020,AVERAGE,20,Quintal,2000.0,2500.0,2250.0
,11/08/2020,AVERAGE,78,Quintal,2000.0,2500.0,2250.0
,12/08/2020,AVERAGE,110,Quintal,2000.0,2500.0,2250.0
,13/08/2020,AVERAGE,210,Quintal,2000.0,2500.0,2250.0
,14/08/2020,AVERAGE,165,Quintal,2000.0,2500.0,2250.0
,19/08/2020,AVERAGE,85,Quintal,2000.0,2500.0,2250.0
,20/08/2020,AVERAGE,165,Quintal,2000.0,2500.0,2250.0
,21/08/2020,AVERAGE,225,Quintal,2000.0,2500.0,2250.0
,25/08/2020,AVERAGE,450,Quintal,2000.0,2500.0,2250.0
,26/08/2020,AVERAGE,265,Quintal,2000.0,2500.0,2250.0
,27/08/2020,AVERAGE,150,Quintal,2000.0,2500.0,2250.0
,28/08/2020,AVERAGE,310,Quintal,2000.0,2500.0,2250.0
,29/08/2020,AVERAGE,125,Quintal,2100.0,2750.0,2350.0
Sub Total,Sub Total,Sub Total,2358,,,,
BINNY MILL (F&V),03/08/2020,AVERAGE,48,Quintal,5800.0,6000.0,5900.0
,04/08/2020,AVERAGE,32,Quintal,5600.0,6000.0,5800.0
,05/08/2020,AVERAGE,160,Quintal,5400.0,5600.0,5500.0
,06/08/2020,AVERAGE,20,Quintal,4600.0,5000.0,4800.0
,07/08/2020,AVERAGE,6,Quintal,4200.0,4800.0,4500.0
,10/08/2020,AVERAGE,50,Quintal,3000.0,4000.0,3500.0
,11/08/2020,AVERAGE,6,Quintal,2900.0,4100.0,3600.0
,12/08/2020,AVERAGE,20,Quintal,4000.0,4400.0,4200.0
,13/08/2020,AVERAGE,32,Quintal,2400.0,3000.0,2800.0
,14/08/2020,AVERAGE,79,Quintal,4000.0,4400.0,4200.0
,17/08/2020,AVERAGE,186,Quintal,4800.0,5200.0,5000.0
,19/08/2020,AVERAGE,130,Quintal,3500.0,4200.0,4000.0
,20/08/2020,AVERAGE,63,Quintal,4800.0,5200.0,5000.0
,21/08/2020,AVERAGE,140,Quintal,4000.0,5000.0,4500.0
,24/08/2020,AVERAGE,113,Quintal,3800.0,4200.0,4000.0
,25/08/2020,AVERAGE,8,Quintal,3800.0,4200.0,4000.0
,26/08/2020,AVERAGE,25,Quintal,3500.0,4000.0,3800.0
,27/08/2020,AVERAGE,62,Quintal,4000.0,4400.0,4200.0
,28/08/2020,AVERAGE,138,Quintal,3500.0,4000.0,3800.0
,29/08/2020,AVERAGE,18,Quintal,3000.0,3600.0,3300.0
,31/08/2020,AVERAGE,195,Quintal,3000.0,3600.0,3300.0
Sub Total,Sub Total,Sub Total,1531,,,,
CHICKBALLAPUR,03/08/2020,AVERAGE,65,Quintal,3000.0,4000.0,3500.0
,04/08/2020,AVERAGE,75,Quintal,3000.0,4000.0,3500.0
,05/08/2020,AVERAGE,35,Quintal,3000.0,4000.0,3500.0
,07/08/2020,AVERAGE,37,Quintal,3000.0,4000.0,3500.0
,08/08/2020,AVERAGE,35,Quintal,3000.0,4000.0,3500.0
,09/08/2020,AVERAGE,20,Quintal,3000.0,4000.0,3500.0
,10/08/2020,AVERAGE,30,Quintal,3000.0,4000.0,3500.0
,11/08/2020,AVERAGE,10,Quintal,3000.0,4000.0,3500.0
,14/08/2020,AVERAGE,10,Quintal,3000.0,4000.0,3500.0
,15/08/2020,AVERAGE,23,Quintal,3000.0,4500.0,3800.0
,16/08/2020,AVERAGE,20,Quintal,3000.0,4500.0,3800.0
,18/08/2020,AVERAGE,25,Quintal,4000.0,5000.0,4500.0
,19/08/2020,AVERAGE,23,Quintal,3000.0,5000.0,4000.0
,21/08/2020,AVERAGE,33,Quintal,3000.0,5000.0,4000.0
,22/08/2020,AVERAGE,30,Quintal,3000.0,5000.0,3500.0
,24/08/2020,AVERAGE,24,Quintal,4000.0,5000.0,4500.0
,25/08/2020,AVERAGE,60,Quintal,3000.0,5000.0,4000.0
,26/08/2020,AVERAGE,65,Quintal,3000.0,3500.0,3300.0
,28/08/2020,AVERAGE,20,Quintal,3000.0,4000.0,3500.0
,29/08/2020,AVERAGE,45,Quintal,3000.0,4000.0,3500.0
,30/08/2020,AVERAGE,45,Quintal,2500.0,3000.0,2800.0
,31/08/2020,AVERAGE,60,Quintal,2500.0,3000.0,2800.0
Sub Total,Sub Total,Sub Total,790,,,,
CHINTAMANI,01/08/2020,AVERAGE,5,Quintal,3000.0,4000.0,3500.0
,02/08/2020,AVERAGE,4,Quintal,3000.0,4000.0,3500.0
,03/08/2020,AVERAGE,3,Quintal,3000.0,4000.0,3500.0
,04/08/2020,AVERAGE,4,Quintal,3000.0,4000.0,3500.0
,05/08/2020,AVERAGE,4,Quintal,3000.0,4000.0,3500.0
,06/08/2020,AVERAGE,4,Quintal,3000.0,4000.0,3500.0
,07/08/2020,AVERAGE,4,Quintal,3000.0,4000.0,3500.0
,08/08/2020,AVERAGE,3,Quintal,3000.0,4000.0,3500.0
,09/08/2020,AVERAGE,3,Quintal,3000.0,4000.0,3500.0
,10/08/2020,AVERAGE,4,Quintal,3000.0,4000.0,3500.0
,11/08/2020,AVERAGE,4,Quintal,3000.0,4000.0,3500.0
,12/08/2020,AVERAGE,4,Quintal,3000.0,4000.0,3500.0
,13/08/2020,AVERAGE,3,Quintal,3000.0,4000.0,3500.0
,14/08/2020,AVERAGE,3,Quintal,3000.0,4000.0,3500.0
,15/08/2020,AVERAGE,4,Quintal,3000.0,4000.0,3500.0
,16/08/2020,AVERAGE,4,Quintal,3000.0,4000.0,3500.0
,17/08/2020,AVERAGE,3,Quintal,3000.0,4000.0,3500.0
,18/08/2020,AVERAGE,4,Quintal,4000.0,5000.0,4500.0
,19/08/2020,AVERAGE,4,Quintal,4000.0,5000.0,4500.0
,20/08/2020,AVERAGE,4,Quintal,4000.0,5000.0,4500.0
,21/08/2020,AVERAGE,4,Quintal,4000.0,5000.0,4500.0
,22/08/2020,AVERAGE,4,Quintal,4000.0,5000.0,4500.0
,23/08/2020,AVERAGE,4,Quintal,4000.0,5000.0,4500.0
,24/08/2020,AVERAGE,4,Quintal,4000.0,5000.0,4500.0
,25/08/2020,AVERAGE,4,Quintal,4000.0,5000.0,4500.0
,27/08/2020,AVERAGE,4,Quintal,4000.0,5000.0,4500.0
,28/08/2020,AVERAGE,5,Quintal,4000.0,5000.0,4500.0
,29/08/2020,AVERAGE,5,Quintal,4000.0,5000.0,4500.0
,30/08/2020,AVERAGE,4,Quintal,4000.0,5000.0,4500.0
Sub Total,Sub Total,Sub Total,113,,,,
DAVANAGERE,04/08/2020,AVERAGE,30,Quintal,3600.0,4000.0,3800.0
,05/08/2020,AVERAGE,20,Quintal,3600.0,4200.0,3700.0
,06/08/2020,AVERAGE,30,Quintal,3600.0,4000.0,3800.0
,07/08/2020,AVERAGE,20,Quintal,3800.0,4200.0,4000.0
,11/08/2020,AVERAGE,20,Quintal,3800.0,4200.0,4000.0
,12/08/2020,AVERAGE,35,Quintal,3600.0,4000.0,3800.0
,13/08/2020,AVERAGE,35,Quintal,3500.0,4200.0,3800.0
,14/08/2020,AVERAGE,35,Quintal,3500.0,4200.0,3800.0
,18/08/2020,AVERAGE,25,Quintal,3500.0,4000.0,3800.0
,19/08/2020,AVERAGE,30,Quintal,4000.0,4500.0,4200.0
,20/08/2020,AVERAGE,30,Quintal,3500.0,4000.0,3800.0
,21/08/2020,AVERAGE,35,Quintal,3500.0,4000.0,3800.0
,25/08/2020,AVERAGE,25,Quintal,3500.0,4000.0,3800.0
,26/08/2020,AVERAGE,30,Quintal,3600.0,4000.0,3800.0
,27/08/2020,AVERAGE,25,Quintal,3500.0,4000.0,3800.0
,28/08/2020,AVERAGE,20,Quintal,3800.0,4200.0,4000.0
,29/08/2020,AVERAGE,20,Quintal,3800.0,4200.0,4000.0
Sub Total,Sub Total,Sub Total,465,,,,
DHARWAR,02/08/2020,AVERAGE,6,Quintal,4000.0,4500.0,4250.0
,03/08/2020,AVERAGE,14,Quintal,4000.0,4500.0,4250.0
,04/08/2020,AVERAGE,24,Quintal,4000.0,4500.0,4250.0
,05/08/2020,AVERAGE,16,Quintal,4000.0,4500.0,4250.0
,06/08/2020,AVERAGE,10,Quintal,4000.0,4500.0,4250.0
,08/08/2020,AVERAGE,22,Quintal,4000.0,4500.0,4250.0
,09/08/2020,AVERAGE,26,Quintal,4000.0,4500.0,4250.0
,10/08/2020,AVERAGE,17,Quintal,4000.0,4500.0,4250.0
,12/08/2020,AVERAGE,34,Quintal,4000.0,4500.0,4250.0
,13/08/2020,AVERAGE,35,Quintal,4000.0,4500.0,4250.0
,15/08/2020,AVERAGE,46,Quintal,4000.0,4500.0,4250.0
,18/08/2020,AVERAGE,39,Quintal,4000.0,4500.0,4250.0
,20/08/2020,AVERAGE,26,Quintal,4000.0,4500.0,4250.0
,25/08/2020,AVERAGE,14,Quintal,3500.0,4000.0,3750.0
,26/08/2020,AVERAGE,50,Quintal,3500.0,4000.0,3750.0
Sub Total,Sub Total,Sub Total,379,,,,
DODDABALLAPUR,03/08/2020,AVERAGE,3,Quintal,3500.0,4500.0,4000.0
,04/08/2020,AVERAGE,3,Quintal,3500.0,4500.0,4000.0
,05/08/2020,AVERAGE,3,Quintal,3000.0,4000.0,3400.0
,06/08/2020,AVERAGE,3,Quintal,3000.0,4000.0,3400.0
,07/08/2020,AVERAGE,4,Quintal,3000.0,4000.0,3500.0
,10/08/2020,AVERAGE,4,Quintal,3000.0,4000.0,3500.0
,12/08/2020,AVERAGE,3,Quintal,3000.0,4000.0,3400.0
,20/08/2020,AVERAGE,3,Quintal,3000.0,4000.0,3500.0
,26/08/2020,AVERAGE,3,Quintal,3000.0,4000.0,3500.0
,28/08/2020,AVERAGE,3,Quintal,3500.0,4500.0,4100.0
,29/08/2020,AVERAGE,5,Quintal,3500.0,4500.0,4100.0
,31/08/2020,AVERAGE,2,Quintal,3500.0,4500.0,4000.0
Sub Total,Sub Total,Sub Total,39,,,,
HUNSUR,25/08/2020,AVERAGE,3,Quintal,5000.0,5000.0,5000.0
Sub Total,Sub Total,Sub Total,3,,,,
KOLAR,02/08/2020,AVERAGE,17,Quintal,4000.0,6000.0,5000.0
,03/08/2020,AVERAGE,53,Quintal,4000.0,6000.0,5000.0
,04/08/2020,AVERAGE,17,Quintal,4000.0,6000.0,5000.0
,05/08/2020,AVERAGE,30,Quintal,4000.0,5500.0,4700.0
,06/08/2020,AVERAGE,31,Quintal,4000.0,6000.0,5000.0
,07/08/2020,AVERAGE,35,Quintal,4000.0,4500.0,4300.0
,09/08/2020,AVERAGE,59,Quintal,3000.0,4000.0,3500.0
,10/08/2020,AVERAGE,40,Quintal,3000.0,4000.0,3500.0
,11/08/2020,AVERAGE,54,Quintal,3000.0,4000.0,3500.0
,12/08/2020,AVERAGE,25,Quintal,3000.0,4500.0,3700.0
,13/08/2020,AVERAGE,50,Quintal,4000.0,5000.0,4500.0
,16/08/2020,AVERAGE,21,Quintal,4000.0,4500.0,4300.0
,17/08/2020,AVERAGE,40,Quintal,4000.0,5000.0,4500.0
,18/08/2020,AVERAGE,17,Quintal,4000.0,5000.0,4300.0
,19/08/2020,AVERAGE,24,Quintal,4000.0,5000.0,4500.0
,20/08/2020,AVERAGE,40,Quintal,4000.0,4500.0,4300.0
,21/08/2020,AVERAGE,35,Quintal,4000.0,4500.0,4300.0
,23/08/2020,AVERAGE,40,Quintal,3500.0,4500.0,4000.0
,24/08/2020,AVERAGE,23,Quintal,4000.0,5000.0,4500.0
,25/08/2020,AVERAGE,23,Quintal,3500.0,4500.0,4000.0
,26/08/2020,AVERAGE,55,Quintal,4000.0,5000.0,4500.0
,27/08/2020,AVERAGE,45,Quintal,3000.0,4500.0,3700.0
,28/08/2020,AVERAGE,49,Quintal,3000.0,3500.0,3300.0
,30/08/2020,AVERAGE,35,Quintal,2000.0,3000.0,2500.0
,31/08/2020,AVERAGE,34,Quintal,2000.0,3000.0,2500.0
Sub Total,Sub Total,Sub Total,892,,,,
MALUR,04/08/2020,AVERAGE,10,Quintal,1800.0,2300.0,2000.0
,18/08/2020,AVERAGE,43,Quintal,2800.0,3200.0,2990.0
,20/08/2020,AVERAGE,52,Quintal,4000.0,4500.0,4250.0
Sub Total,Sub Total,Sub Total,105,,,,
MYSURU,02/08/2020,AVERAGE,54,Quintal,5800.0,6000.0,5900.0
,03/08/2020,AVERAGE,37,Quintal,5000.0,5500.0,5200.0
,04/08/2020,AVERAGE,24,Quintal,5300.0,5500.0,5400.0
,05/08/2020,AVERAGE,41,Quintal,4800.0,5000.0,4950.0
,07/08/2020,AVERAGE,39,Quintal,4300.0,4500.0,4450.0
,09/08/2020,AVERAGE,49,Quintal,3800.0,4000.0,3900.0
,10/08/2020,AVERAGE,43,Quintal,3800.0,4000.0,3900.0
,11/08/2020,AVERAGE,54,Quintal,3800.0,4000.0,3900.0
,12/08/2020,AVERAGE,48,Quintal,3800.0,4000.0,3900.0
,13/08/2020,AVERAGE,54,Quintal,3800.0,4000.0,3900.0
,14/08/2020,AVERAGE,32,Quintal,3800.0,4000.0,3900.0
,16/08/2020,AVERAGE,65,Quintal,3800.0,4000.0,3900.0
,17/08/2020,AVERAGE,46,Quintal,3800.0,4000.0,3900.0
,18/08/2020,AVERAGE,54,Quintal,3800.0,4000.0,3900.0
,19/08/2020,AVERAGE,42,Quintal,3800.0,4000.0,3950.0
,20/08/2020,AVERAGE,37,Quintal,3800.0,4000.0,3950.0
,21/08/2020,AVERAGE,53,Quintal,3800.0,4000.0,3900.0
,23/08/2020,AVERAGE,72,Quintal,3500.0,3700.0,3600.0
,24/08/2020,AVERAGE,43,Quintal,3500.0,3700.0,3600.0
,25/08/2020,AVERAGE,49,Quintal,3500.0,3700.0,3600.0
,27/08/2020,AVERAGE,135,Quintal,3300.0,3500.0,3450.0
,28/08/2020,AVERAGE,145,Quintal,3000.0,3200.0,3100.0
,31/08/2020,AVERAGE,32,Quintal,3000.0,3200.0,3100.0
Sub Total,Sub Total,Sub Total,1248,,,,
NANJANGUD,01/08/2020,AVERAGE,5,Quintal,5800.0,6000.0,5900.0
,02/08/2020,AVERAGE,5,Quintal,5800.0,6000.0,5900.0
,05/08/2020,AVERAGE,26,Quintal,5000.0,5500.0,5300.0
,06/08/2020,AVERAGE,15,Quintal,4800.0,5000.0,4950.0
,07/08/2020,AVERAGE,5,Quintal,4800.0,5000.0,4950.0
,08/08/2020,AVERAGE,5,Quintal,4800.0,5000.0,4950.0
,09/08/2020,AVERAGE,5,Quintal,4800.0,5000.0,4950.0
,13/08/2020,AVERAGE,10,Quintal,3800.0,4000.0,3900.0
,14/08/2020,AVERAGE,10,Quintal,3800.0,4000.0,3900.0
,15/08/2020,AVERAGE,10,Quintal,3800.0,4000.0,3900.0
,16/08/2020,AVERAGE,5,Quintal,3800.0,4000.0,3900.0
,17/08/2020,AVERAGE,10,Quintal,3800.0,4000.0,3900.0
,18/08/2020,AVERAGE,10,Quintal,3800.0,4000.0,3900.0
,19/08/2020,AVERAGE,10,Quintal,3800.0,4000.0,3900.0
,20/08/2020,AVERAGE,5,Quintal,3800.0,4000.0,3950.0
,21/08/2020,AVERAGE,8,Quintal,3800.0,4000.0,3950.0
,22/08/2020,AVERAGE,10,Quintal,3800.0,4000.0,3950.0
,24/08/2020,AVERAGE,8,Quintal,3800.0,4000.0,3950.0
,26/08/2020,AVERAGE,8,Quintal,3800.0,4000.0,3900.0
,27/08/2020,AVERAGE,5,Quintal,3800.0,4000.0,3900.0
,28/08/2020,AVERAGE,10,Quintal,3800.0,4000.0,3900.0
,29/08/2020,AVERAGE,15,Quintal,3000.0,3200.0,3100.0
,30/08/2020,AVERAGE,15,Quintal,3000.0,3200.0,3100.0
,31/08/2020,AVERAGE,10,Quintal,3000.0,3200.0,3100.0
Sub Total,Sub Total,Sub Total,225,,,,
RAMANAGARA,03/08/2020,AVERAGE,5,Quintal,6000.0,7000.0,6500.0
,04/08/2020,AVERAGE,4,Quintal,4800.0,5200.0,5000.0
,05/08/2020,AVERAGE,4,Quintal,4800.0,5200.0,5000.0
,06/08/2020,AVERAGE,5,Quintal,5000.0,5400.0,5200.0
,07/08/2020,AVERAGE,5,Quintal,4000.0,4400.0,4200.0
,08/08/2020,AVERAGE,5,Quintal,4000.0,4800.0,4400.0
,11/08/2020,AVERAGE,4,Quintal,4000.0,4400.0,4200.0
,12/08/2020,AVERAGE,5,Quintal,4000.0,4400.0,4200.0
,13/08/2020,AVERAGE,6,Quintal,4000.0,4800.0,4400.0
,14/08/2020,AVERAGE,4,Quintal,4000.0,4400.0,4200.0
,15/08/2020,AVERAGE,4,Quintal,4000.0,4400.0,4200.0
,17/08/2020,AVERAGE,4,Quintal,4000.0,5200.0,4400.0
,18/08/2020,AVERAGE,5,Quintal,4000.0,4400.0,4200.0
,19/08/2020,AVERAGE,5,Quintal,4000.0,4800.0,4400.0
,20/08/2020,AVERAGE,5,Quintal,4000.0,4800.0,4400.0
,21/08/2020,AVERAGE,6,Quintal,4400.0,5200.0,4800.0
,22/08/2020,AVERAGE,4,Quintal,4000.0,4400.0,4200.0
,24/08/2020,AVERAGE,5,Quintal,4000.0,4800.0,4400.0
,25/08/2020,AVERAGE,5,Quintal,4000.0,4400.0,4200.0
,26/08/2020,AVERAGE,5,Quintal,4000.0,4600.0,4400.0
,27/08/2020,AVERAGE,5,Quintal,3600.0,4400.0,4000.0
,28/08/2020,AVERAGE,6,Quintal,3600.0,4000.0,3800.0
,29/08/2020,AVERAGE,6,Quintal,3600.0,4000.0,3800.0
,31/08/2020,AVERAGE,5,Quintal,3200.0,4000.0,3600.0
Sub Total,Sub Total,Sub Total,117,,,,
UDIPI,03/08/2020,AVERAGE,9,Quintal,5000.0,5500.0,5300.0
,05/08/2020,AVERAGE,14,Quintal,6000.0,6500.0,6300.0
,06/08/2020,AVERAGE,4,Quintal,6000.0,6500.0,6300.0
,07/08/2020,AVERAGE,7,Quintal,6000.0,6500.0,6300.0
,10/08/2020,AVERAGE,31,Quintal,6000.0,6500.0,6300.0
,12/08/2020,AVERAGE,21,Quintal,4500.0,5000.0,4700.0
,13/08/2020,AVERAGE,9,Quintal,4500.0,5000.0,4700.0
,17/08/2020,AVERAGE,78,Quintal,4500.0,5000.0,4700.0
,19/08/2020,AVERAGE,56,Quintal,4000.0,4500.0,4300.0
,20/08/2020,AVERAGE,52,Quintal,4000.0,4500.0,4300.0
,21/08/2020,AVERAGE,41,Quintal,4000.0,4500.0,4300.0
,24/08/2020,AVERAGE,19,Quintal,4000.0,4500.0,4300.0
,26/08/2020,AVERAGE,20,Quintal,5000.0,5200.0,5100.0
,29/08/2020,AVERAGE,138,Quintal,5000.0,5200.0,5100.0
,31/08/2020,AVERAGE,42,Quintal,5000.0,5200.0,5100.0
Sub Total,Sub Total,Sub Total,541,,,,
,,Grand Total,8810,,,,
