,Market,Date,Grade,Arrivals,Unit,Min,Max,Modal
0,BANGARPET,21/01/2019,AVERAGE,2,Quintal,1600.0,2000.0,1800.0
1,BANGARPET,22/01/2019,AVERAGE,1,Quintal,2000.0,3000.0,2500.0
2,BANGARPET,24/01/2019,AVERAGE,2,Quintal,2000.0,2800.0,2500.0
3,BANGARPET,25/01/2019,AVERAGE,1,Quintal,2000.0,2800.0,2500.0
4,BINNY MILL (F&V),01/01/2019,AVERAGE,92,Quintal,1600.0,2200.0,1800.0
5,BINNY MILL (F&V),02/01/2019,AVERAGE,61,Quintal,1600.0,2200.0,1800.0
6,BINNY MILL (F&V),03/01/2019,AVERAGE,66,Quintal,1800.0,2400.0,2000.0
7,BINNY MILL (F&V),04/01/2019,AVERAGE,65,Quintal,1800.0,2400.0,2000.0
8,BINNY MILL (F&V),05/01/2019,AVERAGE,93,Quintal,1800.0,2200.0,2000.0
9,BINNY MILL (F&V),07/01/2019,AVERAGE,66,Quintal,2200.0,2800.0,2400.0
10,BINNY MILL (F&V),08/01/2019,AVERAGE,51,Quintal,2400.0,2800.0,2600.0
11,BINNY MILL (F&V),09/01/2019,AVERAGE,48,Quintal,2400.0,2800.0,2600.0
12,BINNY MILL (F&V),10/01/2019,AVERAGE,61,Quintal,2300.0,2600.0,2500.0
13,BINNY MILL (F&V),14/01/2019,AVERAGE,92,Quintal,2400.0,3000.0,2800.0
14,BINNY MILL (F&V),16/01/2019,AVERAGE,63,Quintal,2400.0,2800.0,2600.0
15,BINNY MILL (F&V),17/01/2019,AVERAGE,64,Quintal,2400.0,2800.0,2600.0
16,BINNY MILL (F&V),18/01/2019,AVERAGE,77,Quintal,2400.0,2800.0,2600.0
17,BINNY MILL (F&V),19/01/2019,AVERAGE,63,Quintal,2400.0,2800.0,2600.0
18,BINNY MILL (F&V),21/01/2019,AVERAGE,88,Quintal,2200.0,2600.0,2400.0
19,BINNY MILL (F&V),23/01/2019,AVERAGE,79,Quintal,2200.0,2600.0,2400.0
20,BINNY MILL (F&V),24/01/2019,AVERAGE,82,Quintal,2800.0,3400.0,3200.0
21,BINNY MILL (F&V),25/01/2019,AVERAGE,83,Quintal,3000.0,3800.0,3400.0
22,BINNY MILL (F&V),28/01/2019,AVERAGE,33,Quintal,2800.0,3600.0,3200.0
23,BINNY MILL (F&V),29/01/2019,AVERAGE,83,Quintal,2600.0,3500.0,3000.0
24,BINNY MILL (F&V),30/01/2019,AVERAGE,71,Quintal,2800.0,3400.0,3000.0
25,BINNY MILL (F&V),31/01/2019,AVERAGE,61,Quintal,2400.0,3000.0,2800.0
26,CHICKBALLAPUR,01/01/2019,AVERAGE,10,Quintal,2000.0,2400.0,2200.0
27,CHICKBALLAPUR,02/01/2019,AVERAGE,29,Quintal,2000.0,2500.0,2250.0
28,CHICKBALLAPUR,03/01/2019,AVERAGE,47,Quintal,1800.0,2300.0,2000.0
29,CHICKBALLAPUR,04/01/2019,AVERAGE,24,Quintal,2000.0,3000.0,2500.0
30,CHICKBALLAPUR,05/01/2019,AVERAGE,16,Quintal,2500.0,3000.0,2750.0
31,CHICKBALLAPUR,06/01/2019,AVERAGE,34,Quintal,2000.0,3000.0,2250.0
32,CHICKBALLAPUR,07/01/2019,AVERAGE,19,Quintal,2500.0,3500.0,3000.0
33,CHICKBALLAPUR,08/01/2019,AVERAGE,28,Quintal,3000.0,3500.0,3250.0
34,CHICKBALLAPUR,09/01/2019,AVERAGE,13,Quintal,2500.0,3000.0,2750.0
35,CHICKBALLAPUR,11/01/2019,AVERAGE,54,Quintal,3000.0,3800.0,3400.0
36,CHICKBALLAPUR,12/01/2019,AVERAGE,25,Quintal,3000.0,3800.0,3400.0
37,CHICKBALLAPUR,13/01/2019,AVERAGE,11,Quintal,3000.0,3400.0,3200.0
38,CHICKBALLAPUR,14/01/2019,AVERAGE,11,Quintal,2000.0,2500.0,2250.0
39,CHICKBALLAPUR,15/01/2019,AVERAGE,6,Quintal,2000.0,2500.0,2250.0
40,CHICKBALLAPUR,16/01/2019,AVERAGE,22,Quintal,2500.0,3500.0,3000.0
41,CHICKBALLAPUR,18/01/2019,AVERAGE,37,Quintal,1800.0,4000.0,2900.0
42,CHICKBALLAPUR,19/01/2019,AVERAGE,8,Quintal,2500.0,3500.0,2750.0
43,CHICKBALLAPUR,20/01/2019,AVERAGE,45,Quintal,3000.0,3800.0,3400.0
44,CHICKBALLAPUR,21/01/2019,AVERAGE,47,Quintal,3000.0,4000.0,3500.0
45,CHICKBALLAPUR,22/01/2019,AVERAGE,61,Quintal,2500.0,3400.0,2950.0
46,CHICKBALLAPUR,23/01/2019,AVERAGE,32,Quintal,2500.0,3000.0,2750.0
47,CHICKBALLAPUR,25/01/2019,AVERAGE,28,Quintal,2500.0,3000.0,2750.0
48,CHICKBALLAPUR,26/01/2019,AVERAGE,27,Quintal,2500.0,3000.0,2750.0
49,CHICKBALLAPUR,27/01/2019,AVERAGE,33,Quintal,3000.0,3500.0,3250.0
50,CHICKBALLAPUR,28/01/2019,AVERAGE,24,Quintal,3000.0,3400.0,3200.0
51,CHICKBALLAPUR,29/01/2019,AVERAGE,10,Quintal,3000.0,3500.0,3250.0
52,CHICKBALLAPUR,30/01/2019,AVERAGE,32,Quintal,2000.0,30000.0,2500.0
53,KOLAR,01/01/2019,AVERAGE,34,Quintal,2500.0,2700.0,2600.0
54,KOLAR,02/01/2019,AVERAGE,20,Quintal,2000.0,2500.0,2300.0
55,KOLAR,03/01/2019,AVERAGE,24,Quintal,2800.0,3200.0,3000.0
56,KOLAR,04/01/2019,AVERAGE,30,Quintal,2500.0,3000.0,2700.0
57,KOLAR,06/01/2019,AVERAGE,25,Quintal,3000.0,3500.0,3300.0
58,KOLAR,07/01/2019,AVERAGE,65,Quintal,2500.0,3000.0,2700.0
59,KOLAR,08/01/2019,AVERAGE,20,Quintal,2500.0,3500.0,3000.0
60,KOLAR,10/01/2019,AVERAGE,27,Quintal,3500.0,4000.0,3700.0
61,KOLAR,13/01/2019,AVERAGE,45,Quintal,3000.0,3500.0,3300.0
62,KOLAR,14/01/2019,AVERAGE,19,Quintal,3500.0,3800.0,3600.0
63,KOLAR,15/01/2019,AVERAGE,5,Quintal,1500.0,2000.0,1700.0
64,KOLAR,16/01/2019,AVERAGE,12,Quintal,2800.0,3500.0,3100.0
65,KOLAR,17/01/2019,AVERAGE,15,Quintal,3000.0,3500.0,3300.0
66,KOLAR,18/01/2019,AVERAGE,25,Quintal,3500.0,4000.0,3700.0
67,KOLAR,21/01/2019,AVERAGE,12,Quintal,3500.0,4000.0,3700.0
68,KOLAR,22/01/2019,AVERAGE,13,Quintal,3000.0,3500.0,3200.0
69,KOLAR,23/01/2019,AVERAGE,11,Quintal,2500.0,3500.0,3000.0
70,KOLAR,25/01/2019,AVERAGE,34,Quintal,2500.0,3500.0,3000.0
71,KOLAR,27/01/2019,AVERAGE,27,Quintal,3000.0,3500.0,3300.0
72,KOLAR,28/01/2019,AVERAGE,26,Quintal,2500.0,3000.0,2700.0
73,KOLAR,29/01/2019,AVERAGE,25,Quintal,2500.0,3500.0,3000.0
74,KOLAR,30/01/2019,AVERAGE,35,Quintal,2500.0,3500.0,3000.0
75,KOLAR,31/01/2019,AVERAGE,21,Quintal,3000.0,3500.0,3300.0
76,MYSURU,01/01/2019,AVERAGE,86,Quintal,3000.0,3100.0,3050.0
77,MYSURU,05/01/2019,AVERAGE,86,Quintal,2000.0,3000.0,2500.0
78,MYSURU,06/01/2019,AVERAGE,79,Quintal,2800.0,3000.0,2900.0
79,MYSURU,09/01/2019,AVERAGE,129,Quintal,3300.0,3500.0,3400.0
80,MYSURU,10/01/2019,AVERAGE,86,Quintal,3500.0,3700.0,3600.0
81,MYSURU,13/01/2019,AVERAGE,89,Quintal,4000.0,4200.0,4150.0
82,MYSURU,14/01/2019,AVERAGE,72,Quintal,4000.0,4200.0,4100.0
83,MYSURU,15/01/2019,AVERAGE,69,Quintal,4000.0,4200.0,4100.0
84,MYSURU,16/01/2019,AVERAGE,86,Quintal,3800.0,4000.0,3900.0
85,MYSURU,17/01/2019,AVERAGE,92,Quintal,3500.0,4000.0,3900.0
86,MYSURU,18/01/2019,AVERAGE,82,Quintal,3500.0,3800.0,3700.0
87,MYSURU,20/01/2019,AVERAGE,79,Quintal,3500.0,3700.0,3600.0
88,MYSURU,21/01/2019,AVERAGE,86,Quintal,3300.0,3500.0,3400.0
89,MYSURU,22/01/2019,AVERAGE,76,Quintal,3300.0,3500.0,3400.0
90,MYSURU,23/01/2019,AVERAGE,102,Quintal,3300.0,3500.0,3400.0
91,MYSURU,24/01/2019,AVERAGE,106,Quintal,3300.0,3500.0,3400.0
92,MYSURU,27/01/2019,AVERAGE,89,Quintal,3300.0,3500.0,3400.0
93,MYSURU,28/01/2019,AVERAGE,79,Quintal,3000.0,3500.0,3200.0
94,MYSURU,29/01/2019,AVERAGE,116,Quintal,3000.0,3500.0,3200.0
95,MYSURU,30/01/2019,AVERAGE,89,Quintal,3000.0,3400.0,3300.0
96,MYSURU,31/01/2019,AVERAGE,120,Quintal,3200.0,3500.0,3400.0
97,BANGARPET,04/02/2019,AVERAGE,1,Quintal,2000.0,3000.0,2500.0
98,BANGARPET,07/02/2019,AVERAGE,1,Quintal,2000.0,3000.0,2500.0
99,BANGARPET,15/02/2019,AVERAGE,1,Quintal,1500.0,2000.0,1800.0
100,BANGARPET,21/02/2019,AVERAGE,1,Quintal,2000.0,3000.0,2500.0
101,BANGARPET,25/02/2019,AVERAGE,2,Quintal,2000.0,2500.0,2300.0
102,BANGARPET,27/02/2019,AVERAGE,1,Quintal,2800.0,3200.0,3000.0
103,BINNY MILL (F&V),01/02/2019,AVERAGE,108,Quintal,2400.0,2800.0,2600.0
104,BINNY MILL (F&V),02/02/2019,AVERAGE,72,Quintal,2400.0,2800.0,2600.0
105,BINNY MILL (F&V),04/02/2019,AVERAGE,69,Quintal,2400.0,2800.0,2600.0
106,BINNY MILL (F&V),05/02/2019,AVERAGE,78,Quintal,2400.0,2800.0,2600.0
107,BINNY MILL (F&V),06/02/2019,AVERAGE,48,Quintal,2400.0,2800.0,2600.0
108,BINNY MILL (F&V),07/02/2019,AVERAGE,50,Quintal,2400.0,2600.0,2500.0
109,BINNY MILL (F&V),08/02/2019,AVERAGE,213,Quintal,2400.0,2600.0,2500.0
110,BINNY MILL (F&V),11/02/2019,AVERAGE,96,Quintal,2400.0,2800.0,2600.0
111,BINNY MILL (F&V),12/02/2019,AVERAGE,56,Quintal,2400.0,2800.0,2600.0
112,BINNY MILL (F&V),13/02/2019,AVERAGE,94,Quintal,2400.0,2800.0,2600.0
113,BINNY MILL (F&V),14/02/2019,AVERAGE,82,Quintal,2200.0,2600.0,2400.0
114,BINNY MILL (F&V),15/02/2019,AVERAGE,104,Quintal,2000.0,2600.0,2300.0
115,BINNY MILL (F&V),16/02/2019,AVERAGE,160,Quintal,2400.0,2800.0,2600.0
116,BINNY MILL (F&V),18/02/2019,AVERAGE,55,Quintal,2300.0,2800.0,2500.0
117,BINNY MILL (F&V),19/02/2019,AVERAGE,84,Quintal,2300.0,2600.0,2400.0
118,BINNY MILL (F&V),20/02/2019,AVERAGE,63,Quintal,2400.0,2600.0,2500.0
119,BINNY MILL (F&V),21/02/2019,AVERAGE,142,Quintal,2200.0,2600.0,2400.0
120,BINNY MILL (F&V),22/02/2019,AVERAGE,75,Quintal,2200.0,2600.0,2400.0
121,BINNY MILL (F&V),23/02/2019,AVERAGE,110,Quintal,2200.0,2600.0,2400.0
122,BINNY MILL (F&V),25/02/2019,AVERAGE,96,Quintal,2200.0,2600.0,2400.0
123,BINNY MILL (F&V),26/02/2019,AVERAGE,70,Quintal,2200.0,2600.0,2400.0
124,BINNY MILL (F&V),27/02/2019,AVERAGE,82,Quintal,2400.0,2800.0,2600.0
125,BINNY MILL (F&V),28/02/2019,AVERAGE,96,Quintal,2400.0,2800.0,2600.0
126,CHICKBALLAPUR,01/02/2019,AVERAGE,52,Quintal,2000.0,3000.0,2500.0
127,CHICKBALLAPUR,02/02/2019,AVERAGE,22,Quintal,2500.0,3000.0,2750.0
128,CHICKBALLAPUR,03/02/2019,AVERAGE,32,Quintal,3000.0,3500.0,3250.0
129,CHICKBALLAPUR,04/02/2019,AVERAGE,30,Quintal,2500.0,3000.0,2750.0
130,CHICKBALLAPUR,05/02/2019,AVERAGE,24,Quintal,3000.0,3800.0,3400.0
131,CHICKBALLAPUR,06/02/2019,AVERAGE,44,Quintal,2500.0,3000.0,2750.0
132,CHICKBALLAPUR,08/02/2019,AVERAGE,51,Quintal,2500.0,3000.0,2750.0
133,CHICKBALLAPUR,09/02/2019,AVERAGE,56,Quintal,2500.0,3000.0,2750.0
134,CHICKBALLAPUR,10/02/2019,AVERAGE,30,Quintal,2500.0,3000.0,2750.0
135,CHICKBALLAPUR,11/02/2019,AVERAGE,27,Quintal,2000.0,3000.0,2500.0
136,CHICKBALLAPUR,12/02/2019,AVERAGE,105,Quintal,2000.0,2500.0,2250.0
137,CHICKBALLAPUR,13/02/2019,AVERAGE,23,Quintal,2000.0,2500.0,2250.0
138,CHICKBALLAPUR,15/02/2019,AVERAGE,44,Quintal,2000.0,2500.0,2250.0
139,CHICKBALLAPUR,16/02/2019,AVERAGE,43,Quintal,2000.0,2500.0,2250.0
140,CHICKBALLAPUR,17/02/2019,AVERAGE,49,Quintal,2000.0,2500.0,2250.0
141,CHICKBALLAPUR,18/02/2019,AVERAGE,31,Quintal,2000.0,2500.0,2250.0
142,CHICKBALLAPUR,19/02/2019,AVERAGE,28,Quintal,1800.0,2500.0,2150.0
143,CHICKBALLAPUR,20/02/2019,AVERAGE,17,Quintal,2000.0,2600.0,2300.0
144,CHICKBALLAPUR,22/02/2019,AVERAGE,31,Quintal,2000.0,2800.0,2400.0
145,CHICKBALLAPUR,23/02/2019,AVERAGE,28,Quintal,2000.0,2800.0,2400.0
146,CHICKBALLAPUR,24/02/2019,AVERAGE,45,Quintal,1500.0,2800.0,2150.0
147,CHICKBALLAPUR,25/02/2019,AVERAGE,20,Quintal,1500.0,2600.0,2050.0
148,CHICKBALLAPUR,26/02/2019,AVERAGE,14,Quintal,2500.0,3500.0,3000.0
149,CHICKBALLAPUR,27/02/2019,AVERAGE,45,Quintal,2500.0,3000.0,2750.0
150,KOLAR,01/02/2019,AVERAGE,39,Quintal,2500.0,3500.0,3000.0
151,KOLAR,03/02/2019,AVERAGE,25,Quintal,2000.0,3000.0,2500.0
152,KOLAR,04/02/2019,AVERAGE,24,Quintal,3000.0,3500.0,3300.0
153,KOLAR,05/02/2019,AVERAGE,45,Quintal,2500.0,3000.0,2700.0
154,KOLAR,06/02/2019,AVERAGE,16,Quintal,3000.0,3500.0,3300.0
155,KOLAR,07/02/2019,AVERAGE,40,Quintal,2500.0,3200.0,2900.0
156,KOLAR,08/02/2019,AVERAGE,15,Quintal,3000.0,3500.0,3300.0
157,KOLAR,10/02/2019,AVERAGE,10,Quintal,3000.0,4000.0,3500.0
158,KOLAR,11/02/2019,AVERAGE,45,Quintal,2500.0,3000.0,2800.0
159,KOLAR,12/02/2019,AVERAGE,34,Quintal,2500.0,3500.0,3000.0
160,KOLAR,13/02/2019,AVERAGE,34,Quintal,2500.0,3000.0,2800.0
161,KOLAR,14/02/2019,AVERAGE,30,Quintal,2000.0,2500.0,2300.0
162,KOLAR,15/02/2019,AVERAGE,40,Quintal,2000.0,2500.0,2300.0
163,KOLAR,17/02/2019,AVERAGE,30,Quintal,2500.0,3000.0,2700.0
164,KOLAR,18/02/2019,AVERAGE,37,Quintal,2500.0,3000.0,2700.0
165,KOLAR,19/02/2019,AVERAGE,45,Quintal,2500.0,3000.0,2700.0
166,KOLAR,20/02/2019,AVERAGE,27,Quintal,2000.0,3000.0,2700.0
167,KOLAR,21/02/2019,AVERAGE,45,Quintal,2500.0,3500.0,3000.0
168,KOLAR,22/02/2019,AVERAGE,32,Quintal,2500.0,3000.0,2700.0
169,KOLAR,24/02/2019,AVERAGE,40,Quintal,2500.0,3000.0,2700.0
170,KOLAR,25/02/2019,AVERAGE,40,Quintal,2500.0,3500.0,3000.0
171,KOLAR,26/02/2019,AVERAGE,27,Quintal,3500.0,4000.0,3700.0
172,KOLAR,27/02/2019,AVERAGE,17,Quintal,3500.0,4500.0,4000.0
173,KOLAR,28/02/2019,AVERAGE,10,Quintal,3000.0,4000.0,3500.0
174,MYSURU,01/02/2019,AVERAGE,86,Quintal,3000.0,3500.0,3200.0
175,MYSURU,03/02/2019,AVERAGE,160,Quintal,3000.0,3500.0,3400.0
176,MYSURU,04/02/2019,AVERAGE,89,Quintal,3200.0,3400.0,3300.0
177,MYSURU,05/02/2019,AVERAGE,129,Quintal,3000.0,3200.0,3100.0
178,MYSURU,06/02/2019,AVERAGE,86,Quintal,3000.0,3200.0,3100.0
179,MYSURU,07/02/2019,AVERAGE,129,Quintal,3000.0,3200.0,3100.0
180,MYSURU,08/02/2019,AVERAGE,89,Quintal,300.0,3200.0,3100.0
181,MYSURU,10/02/2019,AVERAGE,106,Quintal,3000.0,3200.0,3100.0
182,MYSURU,11/02/2019,AVERAGE,79,Quintal,2800.0,3000.0,2900.0
183,MYSURU,13/02/2019,AVERAGE,89,Quintal,2000.0,3000.0,2500.0
184,MYSURU,14/02/2019,AVERAGE,106,Quintal,2800.0,3000.0,2900.0
185,MYSURU,17/02/2019,AVERAGE,106,Quintal,2800.0,3000.0,2850.0
186,MYSURU,18/02/2019,AVERAGE,89,Quintal,2600.0,2800.0,2700.0
187,MYSURU,19/02/2019,AVERAGE,117,Quintal,2500.0,2800.0,2600.0
188,MYSURU,20/02/2019,AVERAGE,89,Quintal,2500.0,2800.0,2600.0
189,MYSURU,24/02/2019,AVERAGE,120,Quintal,3400.0,3600.0,3500.0
190,MYSURU,25/02/2019,AVERAGE,89,Quintal,3600.0,3800.0,3700.0
191,MYSURU,27/02/2019,AVERAGE,120,Quintal,3500.0,4000.0,3800.0
192,MYSURU,28/02/2019,AVERAGE,79,Quintal,3800.0,4000.0,3900.0
193,BANGARPET,04/03/2019,AVERAGE,1,Quintal,3000.0,3500.0,3200.0
194,BANGARPET,05/03/2019,AVERAGE,1,Quintal,2800.0,3200.0,3000.0
195,BANGARPET,07/03/2019,AVERAGE,1,Quintal,2800.0,3200.0,3000.0
196,BANGARPET,08/03/2019,AVERAGE,1,Quintal,2800.0,3200.0,3000.0
197,BANGARPET,09/03/2019,AVERAGE,1,Quintal,2500.0,3000.0,2800.0
198,BANGARPET,11/03/2019,AVERAGE,1,Quintal,3000.0,3500.0,3200.0
199,BANGARPET,12/03/2019,AVERAGE,1,Quintal,2500.0,3000.0,2800.0
200,BANGARPET,14/03/2019,AVERAGE,1,Quintal,2000.0,2500.0,2200.0
201,BANGARPET,16/03/2019,AVERAGE,1,Quintal,2000.0,2500.0,2200.0
202,BANGARPET,18/03/2019,AVERAGE,1,Quintal,2000.0,2500.0,2300.0
203,BANGARPET,19/03/2019,AVERAGE,1,Quintal,3000.0,3500.0,3200.0
204,BANGARPET,20/03/2019,AVERAGE,1,Quintal,2000.0,2800.0,2500.0
205,BINNY MILL (F&V),01/03/2019,AVERAGE,69,Quintal,2800.0,3400.0,3200.0
206,BINNY MILL (F&V),02/03/2019,AVERAGE,52,Quintal,3000.0,3800.0,3400.0
207,BINNY MILL (F&V),05/03/2019,AVERAGE,89,Quintal,3000.0,4000.0,3500.0
208,BINNY MILL (F&V),06/03/2019,AVERAGE,67,Quintal,2500.0,3000.0,2800.0
209,BINNY MILL (F&V),07/03/2019,AVERAGE,85,Quintal,2600.0,3200.0,2800.0
210,BINNY MILL (F&V),08/03/2019,AVERAGE,50,Quintal,2800.0,3200.0,3000.0
211,BINNY MILL (F&V),11/03/2019,AVERAGE,45,Quintal,3000.0,3800.0,3400.0
212,BINNY MILL (F&V),12/03/2019,AVERAGE,52,Quintal,3000.0,4000.0,3500.0
213,BINNY MILL (F&V),13/03/2019,AVERAGE,60,Quintal,3000.0,3600.0,3300.0
214,BINNY MILL (F&V),14/03/2019,AVERAGE,87,Quintal,2500.0,3500.0,3000.0
215,BINNY MILL (F&V),15/03/2019,AVERAGE,78,Quintal,2500.0,3500.0,3000.0
216,BINNY MILL (F&V),16/03/2019,AVERAGE,70,Quintal,3500.0,4500.0,4000.0
217,BINNY MILL (F&V),18/03/2019,AVERAGE,98,Quintal,3000.0,4000.0,3500.0
218,BINNY MILL (F&V),19/03/2019,AVERAGE,74,Quintal,3500.0,4500.0,4000.0
219,BINNY MILL (F&V),20/03/2019,AVERAGE,33,Quintal,3000.0,4000.0,3500.0
220,BINNY MILL (F&V),21/03/2019,AVERAGE,23,Quintal,2500.0,4000.0,3000.0
221,BINNY MILL (F&V),22/03/2019,AVERAGE,80,Quintal,2500.0,4000.0,3000.0
222,BINNY MILL (F&V),23/03/2019,AVERAGE,60,Quintal,2500.0,3500.0,3000.0
223,BINNY MILL (F&V),25/03/2019,AVERAGE,10,Quintal,3000.0,3500.0,3200.0
224,BINNY MILL (F&V),26/03/2019,AVERAGE,45,Quintal,2500.0,3500.0,3000.0
225,BINNY MILL (F&V),27/03/2019,AVERAGE,88,Quintal,3000.0,3500.0,3200.0
226,BINNY MILL (F&V),28/03/2019,AVERAGE,59,Quintal,3000.0,3500.0,3200.0
227,BINNY MILL (F&V),29/03/2019,AVERAGE,97,Quintal,2400.0,3000.0,2600.0
228,BINNY MILL (F&V),30/03/2019,AVERAGE,84,Quintal,2400.0,3000.0,2800.0
229,CHICKBALLAPUR,01/03/2019,AVERAGE,35,Quintal,2000.0,3000.0,2500.0
230,CHICKBALLAPUR,02/03/2019,AVERAGE,43,Quintal,2000.0,3000.0,2500.0
231,CHICKBALLAPUR,03/03/2019,AVERAGE,20,Quintal,3000.0,3800.0,3400.0
232,CHICKBALLAPUR,05/03/2019,AVERAGE,7,Quintal,3000.0,4000.0,3500.0
233,CHICKBALLAPUR,06/03/2019,AVERAGE,10,Quintal,2500.0,3000.0,2750.0
234,CHICKBALLAPUR,08/03/2019,AVERAGE,16,Quintal,2500.0,3500.0,3000.0
235,CHICKBALLAPUR,09/03/2019,AVERAGE,46,Quintal,2500.0,3000.0,2750.0
236,CHICKBALLAPUR,10/03/2019,AVERAGE,36,Quintal,3000.0,3800.0,3400.0
237,CHICKBALLAPUR,11/03/2019,AVERAGE,35,Quintal,2500.0,3800.0,3150.0
238,CHICKBALLAPUR,12/03/2019,AVERAGE,128,Quintal,3000.0,3800.0,3400.0
239,CHICKBALLAPUR,13/03/2019,AVERAGE,79,Quintal,3000.0,3800.0,3400.0
240,CHICKBALLAPUR,15/03/2019,AVERAGE,26,Quintal,3500.0,4000.0,3750.0
241,CHICKBALLAPUR,16/03/2019,AVERAGE,56,Quintal,3500.0,4000.0,3750.0
242,CHICKBALLAPUR,17/03/2019,AVERAGE,53,Quintal,3000.0,4000.0,3500.0
243,CHICKBALLAPUR,18/03/2019,AVERAGE,12,Quintal,3000.0,4000.0,3500.0
244,CHICKBALLAPUR,19/03/2019,AVERAGE,51,Quintal,3000.0,3800.0,3400.0
245,CHICKBALLAPUR,20/03/2019,AVERAGE,45,Quintal,3000.0,4000.0,3500.0
246,CHICKBALLAPUR,22/03/2019,AVERAGE,53,Quintal,3000.0,4000.0,3500.0
247,CHICKBALLAPUR,23/03/2019,AVERAGE,56,Quintal,2000.0,4000.0,3000.0
248,CHICKBALLAPUR,24/03/2019,AVERAGE,31,Quintal,3000.0,3800.0,3400.0
249,CHICKBALLAPUR,25/03/2019,AVERAGE,8,Quintal,3000.0,3800.0,3400.0
250,CHICKBALLAPUR,26/03/2019,AVERAGE,46,Quintal,3000.0,3500.0,3250.0
251,CHICKBALLAPUR,27/03/2019,AVERAGE,30,Quintal,2500.0,3000.0,2750.0
252,CHICKBALLAPUR,29/03/2019,AVERAGE,21,Quintal,2500.0,3500.0,3000.0
253,CHICKBALLAPUR,30/03/2019,AVERAGE,30,Quintal,2500.0,3200.0,2850.0
254,CHICKBALLAPUR,31/03/2019,AVERAGE,30,Quintal,2000.0,4000.0,3000.0
255,KOLAR,01/03/2019,AVERAGE,35,Quintal,2500.0,3500.0,3000.0
256,KOLAR,03/03/2019,AVERAGE,55,Quintal,3500.0,4200.0,3800.0
257,KOLAR,04/03/2019,AVERAGE,25,Quintal,3500.0,4000.0,3800.0
258,KOLAR,05/03/2019,AVERAGE,26,Quintal,3500.0,4000.0,3700.0
259,KOLAR,06/03/2019,AVERAGE,13,Quintal,3500.0,4000.0,3800.0
260,KOLAR,07/03/2019,AVERAGE,30,Quintal,3000.0,4000.0,3500.0
261,KOLAR,08/03/2019,AVERAGE,26,Quintal,3000.0,3500.0,3300.0
262,KOLAR,10/03/2019,AVERAGE,27,Quintal,3000.0,4000.0,3500.0
263,KOLAR,11/03/2019,AVERAGE,15,Quintal,3500.0,4000.0,3700.0
264,KOLAR,12/03/2019,AVERAGE,25,Quintal,3000.0,4000.0,3500.0
265,KOLAR,13/03/2019,AVERAGE,48,Quintal,2500.0,3500.0,3000.0
266,KOLAR,14/03/2019,AVERAGE,48,Quintal,3000.0,3500.0,3300.0
267,KOLAR,15/03/2019,AVERAGE,37,Quintal,3000.0,3500.0,3300.0
268,KOLAR,17/03/2019,AVERAGE,30,Quintal,3500.0,4000.0,3700.0
269,KOLAR,18/03/2019,AVERAGE,16,Quintal,3000.0,3500.0,3300.0
270,KOLAR,19/03/2019,AVERAGE,23,Quintal,3500.0,4000.0,3700.0
271,KOLAR,20/03/2019,AVERAGE,17,Quintal,3000.0,3500.0,3300.0
272,KOLAR,21/03/2019,AVERAGE,35,Quintal,3500.0,4000.0,3700.0
273,KOLAR,22/03/2019,AVERAGE,46,Quintal,2500.0,3500.0,3000.0
274,KOLAR,24/03/2019,AVERAGE,62,Quintal,3000.0,3500.0,3300.0
275,KOLAR,25/03/2019,AVERAGE,52,Quintal,3500.0,4000.0,3700.0
276,KOLAR,26/03/2019,AVERAGE,71,Quintal,3500.0,4000.0,3700.0
277,KOLAR,27/03/2019,AVERAGE,42,Quintal,3000.0,3500.0,3300.0
278,KOLAR,28/03/2019,AVERAGE,42,Quintal,3000.0,4000.0,3500.0
279,KOLAR,29/03/2019,AVERAGE,35,Quintal,3000.0,3200.0,3100.0
280,KOLAR,31/03/2019,AVERAGE,41,Quintal,2500.0,3200.0,3000.0
281,MYSURU,03/03/2019,AVERAGE,86,Quintal,4000.0,4200.0,4100.0
282,MYSURU,04/03/2019,AVERAGE,82,Quintal,4000.0,4200.0,4100.0
283,MYSURU,05/03/2019,AVERAGE,89,Quintal,4000.0,4200.0,4100.0
284,MYSURU,06/03/2019,AVERAGE,82,Quintal,4200.0,4400.0,4300.0
285,MYSURU,07/03/2019,AVERAGE,106,Quintal,4200.0,4400.0,4300.0
286,MYSURU,10/03/2019,AVERAGE,86,Quintal,4400.0,4600.0,4500.0
287,MYSURU,11/03/2019,AVERAGE,86,Quintal,4000.0,4600.0,4500.0
288,MYSURU,12/03/2019,AVERAGE,79,Quintal,4300.0,4600.0,4500.0
289,MYSURU,13/03/2019,AVERAGE,79,Quintal,4300.0,4400.0,4350.0
290,MYSURU,14/03/2019,AVERAGE,89,Quintal,4200.0,4400.0,4300.0
291,MYSURU,15/03/2019,AVERAGE,76,Quintal,4100.0,4400.0,4200.0
292,MYSURU,17/03/2019,AVERAGE,89,Quintal,4200.0,4400.0,4300.0
293,MYSURU,18/03/2019,AVERAGE,82,Quintal,4200.0,4400.0,4300.0
294,MYSURU,19/03/2019,AVERAGE,70,Quintal,4200.0,4400.0,4300.0
295,MYSURU,20/03/2019,AVERAGE,62,Quintal,4100.0,4400.0,4300.0
296,MYSURU,21/03/2019,AVERAGE,89,Quintal,4000.0,4200.0,4100.0
297,MYSURU,25/03/2019,AVERAGE,15,Quintal,4000.0,4200.0,4100.0
298,MYSURU,26/03/2019,AVERAGE,20,Quintal,4000.0,4200.0,4100.0
299,MYSURU,27/03/2019,AVERAGE,18,Quintal,4000.0,4200.0,4100.0
300,MYSURU,28/03/2019,AVERAGE,20,Quintal,4000.0,4200.0,4100.0
301,MYSURU,29/03/2019,AVERAGE,18,Quintal,3900.0,4200.0,4000.0
302,MYSURU,31/03/2019,AVERAGE,48,Quintal,4200.0,4400.0,4300.0
303,BANGARPET,22/04/2019,AVERAGE,1,Quintal,2000.0,2800.0,2500.0
304,BANGARPET,30/04/2019,AVERAGE,1,Quintal,2000.0,2800.0,2500.0
305,BINNY MILL (F&V),01/04/2019,AVERAGE,54,Quintal,3500.0,4500.0,4000.0
306,BINNY MILL (F&V),02/04/2019,AVERAGE,84,Quintal,2800.0,3600.0,3200.0
307,BINNY MILL (F&V),03/04/2019,AVERAGE,187,Quintal,2800.0,3400.0,3200.0
308,BINNY MILL (F&V),04/04/2019,AVERAGE,38,Quintal,3000.0,4000.0,3500.0
309,BINNY MILL (F&V),05/04/2019,AVERAGE,57,Quintal,3000.0,4000.0,3500.0
310,BINNY MILL (F&V),08/04/2019,AVERAGE,21,Quintal,3500.0,4500.0,4000.0
311,BINNY MILL (F&V),09/04/2019,AVERAGE,73,Quintal,3000.0,4000.0,3500.0
312,BINNY MILL (F&V),10/04/2019,AVERAGE,30,Quintal,3000.0,4000.0,3500.0
313,BINNY MILL (F&V),11/04/2019,AVERAGE,26,Quintal,3000.0,3400.0,3200.0
314,BINNY MILL (F&V),12/04/2019,AVERAGE,22,Quintal,3000.0,3200.0,3100.0
315,BINNY MILL (F&V),15/04/2019,AVERAGE,280,Quintal,3000.0,4000.0,3500.0
316,BINNY MILL (F&V),16/04/2019,AVERAGE,79,Quintal,3000.0,3600.0,3300.0
317,BINNY MILL (F&V),20/04/2019,AVERAGE,50,Quintal,3200.0,3600.0,3400.0
318,BINNY MILL (F&V),22/04/2019,AVERAGE,59,Quintal,3200.0,3800.0,3600.0
319,BINNY MILL (F&V),23/04/2019,AVERAGE,102,Quintal,3200.0,4000.0,3600.0
320,BINNY MILL (F&V),24/04/2019,AVERAGE,65,Quintal,3500.0,4500.0,4000.0
321,BINNY MILL (F&V),25/04/2019,AVERAGE,210,Quintal,3000.0,4000.0,3500.0
322,BINNY MILL (F&V),26/04/2019,AVERAGE,52,Quintal,2800.0,3600.0,3400.0
323,BINNY MILL (F&V),27/04/2019,AVERAGE,74,Quintal,2800.0,3500.0,3200.0
324,BINNY MILL (F&V),29/04/2019,AVERAGE,42,Quintal,2800.0,3400.0,3200.0
325,BINNY MILL (F&V),30/04/2019,AVERAGE,36,Quintal,2800.0,3600.0,3200.0
326,CHICKBALLAPUR,02/04/2019,AVERAGE,21,Quintal,1500.0,3400.0,2450.0
327,CHICKBALLAPUR,03/04/2019,AVERAGE,49,Quintal,2000.0,3500.0,2750.0
328,CHICKBALLAPUR,05/04/2019,AVERAGE,25,Quintal,2500.0,3500.0,3000.0
329,CHICKBALLAPUR,06/04/2019,AVERAGE,10,Quintal,3000.0,3500.0,3200.0
330,CHICKBALLAPUR,08/04/2019,AVERAGE,30,Quintal,3000.0,3800.0,3500.0
331,CHICKBALLAPUR,09/04/2019,AVERAGE,42,Quintal,3000.0,4000.0,3500.0
332,CHICKBALLAPUR,10/04/2019,AVERAGE,31,Quintal,2500.0,3000.0,2750.0
333,CHICKBALLAPUR,12/04/2019,AVERAGE,80,Quintal,2000.0,2500.0,2300.0
334,CHICKBALLAPUR,13/04/2019,AVERAGE,17,Quintal,2000.0,2500.0,2450.0
335,CHICKBALLAPUR,14/04/2019,AVERAGE,45,Quintal,2000.0,2500.0,2300.0
336,CHICKBALLAPUR,15/04/2019,AVERAGE,45,Quintal,2000.0,3400.0,2800.0
337,CHICKBALLAPUR,16/04/2019,AVERAGE,57,Quintal,2500.0,3200.0,2900.0
338,CHICKBALLAPUR,17/04/2019,AVERAGE,46,Quintal,2500.0,3000.0,2750.0
339,CHICKBALLAPUR,19/04/2019,AVERAGE,39,Quintal,2000.0,3400.0,2700.0
340,CHICKBALLAPUR,22/04/2019,AVERAGE,16,Quintal,2000.0,2500.0,2250.0
341,CHICKBALLAPUR,23/04/2019,AVERAGE,36,Quintal,3000.0,3500.0,3250.0
342,CHICKBALLAPUR,24/04/2019,AVERAGE,15,Quintal,3000.0,3500.0,3250.0
343,CHICKBALLAPUR,26/04/2019,AVERAGE,60,Quintal,2500.0,4000.0,3200.0
344,CHICKBALLAPUR,27/04/2019,AVERAGE,50,Quintal,3000.0,3500.0,3250.0
345,CHICKBALLAPUR,28/04/2019,AVERAGE,40,Quintal,2500.0,3400.0,3000.0
346,CHICKBALLAPUR,29/04/2019,AVERAGE,10,Quintal,2500.0,3400.0,3000.0
347,CHICKBALLAPUR,30/04/2019,AVERAGE,18,Quintal,3000.0,3500.0,3250.0
348,KOLAR,01/04/2019,AVERAGE,25,Quintal,3000.0,3500.0,3300.0
349,KOLAR,02/04/2019,AVERAGE,45,Quintal,3000.0,4000.0,3500.0
350,KOLAR,03/04/2019,AVERAGE,31,Quintal,3500.0,4000.0,3700.0
351,KOLAR,04/04/2019,AVERAGE,55,Quintal,3500.0,4000.0,3700.0
352,KOLAR,05/04/2019,AVERAGE,42,Quintal,3500.0,4000.0,3700.0
353,KOLAR,07/04/2019,AVERAGE,55,Quintal,4000.0,5000.0,4500.0
354,KOLAR,08/04/2019,AVERAGE,25,Quintal,4000.0,4500.0,4300.0
355,KOLAR,09/04/2019,AVERAGE,24,Quintal,4000.0,4500.0,4300.0
356,KOLAR,12/04/2019,AVERAGE,62,Quintal,2500.0,3500.0,3000.0
357,KOLAR,15/04/2019,AVERAGE,66,Quintal,2500.0,3500.0,3000.0
358,KOLAR,16/04/2019,AVERAGE,131,Quintal,2500.0,3000.0,2700.0
359,KOLAR,17/04/2019,AVERAGE,134,Quintal,2000.0,3000.0,2500.0
360,KOLAR,18/04/2019,AVERAGE,50,Quintal,2500.0,2800.0,2600.0
361,KOLAR,19/04/2019,AVERAGE,55,Quintal,2500.0,3000.0,2800.0
362,KOLAR,22/04/2019,AVERAGE,106,Quintal,2500.0,3500.0,3000.0
363,KOLAR,23/04/2019,AVERAGE,117,Quintal,3000.0,3500.0,3300.0
364,KOLAR,24/04/2019,AVERAGE,76,Quintal,2500.0,3000.0,2700.0
365,KOLAR,25/04/2019,AVERAGE,115,Quintal,2500.0,3000.0,2700.0
366,KOLAR,26/04/2019,AVERAGE,151,Quintal,2500.0,3000.0,2700.0
367,KOLAR,28/04/2019,AVERAGE,129,Quintal,2500.0,3500.0,3000.0
368,KOLAR,29/04/2019,AVERAGE,105,Quintal,2000.0,2500.0,2300.0
369,MYSURU,01/04/2019,AVERAGE,42,Quintal,4200.0,4400.0,4300.0
370,MYSURU,02/04/2019,AVERAGE,38,Quintal,4600.0,4800.0,4700.0
371,MYSURU,03/04/2019,AVERAGE,35,Quintal,5000.0,5900.0,5800.0
372,MYSURU,04/04/2019,AVERAGE,39,Quintal,5000.0,5200.0,5100.0
373,MYSURU,05/04/2019,AVERAGE,36,Quintal,5000.0,5200.0,5100.0
374,MYSURU,08/04/2019,AVERAGE,41,Quintal,5200.0,5400.0,5300.0
375,MYSURU,10/04/2019,AVERAGE,39,Quintal,5200.0,5400.0,5300.0
376,MYSURU,11/04/2019,AVERAGE,48,Quintal,4800.0,5000.0,4900.0
377,MYSURU,12/04/2019,AVERAGE,40,Quintal,4800.0,5000.0,4950.0
378,MYSURU,15/04/2019,AVERAGE,35,Quintal,4800.0,5000.0,4900.0
379,MYSURU,16/04/2019,AVERAGE,48,Quintal,3600.0,4000.0,3700.0
380,MYSURU,17/04/2019,AVERAGE,45,Quintal,4200.0,4500.0,4300.0
381,MYSURU,18/04/2019,AVERAGE,40,Quintal,4000.0,4200.0,4100.0
382,MYSURU,19/04/2019,AVERAGE,46,Quintal,4000.0,4200.0,4100.0
383,MYSURU,21/04/2019,AVERAGE,51,Quintal,4000.0,4200.0,4100.0
384,MYSURU,22/04/2019,AVERAGE,45,Quintal,4000.0,4200.0,4100.0
385,MYSURU,23/04/2019,AVERAGE,50,Quintal,4000.0,4200.0,4100.0
386,MYSURU,24/04/2019,AVERAGE,45,Quintal,4100.0,4400.0,4200.0
387,MYSURU,25/04/2019,AVERAGE,50,Quintal,4200.0,4400.0,4350.0
388,MYSURU,26/04/2019,AVERAGE,45,Quintal,4200.0,4500.0,4350.0
389,MYSURU,29/04/2019,AVERAGE,45,Quintal,4500.0,4700.0,4600.0
390,MYSURU,30/04/2019,AVERAGE,48,Quintal,4500.0,4700.0,4600.0
391,BANGARPET,14/05/2019,AVERAGE,1,Quintal,1500.0,2400.0,2200.0
392,BANGARPET,16/05/2019,AVERAGE,1,Quintal,2000.0,2500.0,2200.0
393,BANGARPET,21/05/2019,AVERAGE,1,Quintal,1500.0,2400.0,2200.0
394,BANGARPET,22/05/2019,AVERAGE,1,Quintal,2000.0,2500.0,2300.0
395,BANGARPET,24/05/2019,AVERAGE,1,Quintal,1800.0,2400.0,1900.0
396,BINNY MILL (F&V),02/05/2019,AVERAGE,81,Quintal,3200.0,3800.0,3600.0
397,BINNY MILL (F&V),03/05/2019,AVERAGE,70,Quintal,3500.0,4000.0,3800.0
398,BINNY MILL (F&V),04/05/2019,AVERAGE,75,Quintal,3500.0,4500.0,4000.0
399,BINNY MILL (F&V),06/05/2019,AVERAGE,87,Quintal,3500.0,4500.0,4000.0
400,BINNY MILL (F&V),08/05/2019,AVERAGE,40,Quintal,3500.0,4500.0,4000.0
401,BINNY MILL (F&V),09/05/2019,AVERAGE,42,Quintal,3500.0,4000.0,3800.0
402,BINNY MILL (F&V),10/05/2019,AVERAGE,139,Quintal,3000.0,3500.0,3200.0
403,BINNY MILL (F&V),13/05/2019,AVERAGE,127,Quintal,3000.0,4000.0,3500.0
404,BINNY MILL (F&V),14/05/2019,AVERAGE,83,Quintal,3000.0,4000.0,3500.0
405,BINNY MILL (F&V),15/05/2019,AVERAGE,78,Quintal,3000.0,4000.0,3500.0
406,BINNY MILL (F&V),16/05/2019,AVERAGE,80,Quintal,3400.0,4000.0,3800.0
407,BINNY MILL (F&V),17/05/2019,AVERAGE,74,Quintal,3500.0,4000.0,3800.0
408,BINNY MILL (F&V),18/05/2019,AVERAGE,90,Quintal,3600.0,4000.0,3800.0
409,BINNY MILL (F&V),20/05/2019,AVERAGE,87,Quintal,3600.0,4000.0,3800.0
410,BINNY MILL (F&V),21/05/2019,AVERAGE,99,Quintal,3600.0,4000.0,3800.0
411,BINNY MILL (F&V),22/05/2019,AVERAGE,102,Quintal,3600.0,4000.0,3800.0
412,BINNY MILL (F&V),23/05/2019,AVERAGE,54,Quintal,3600.0,4000.0,3800.0
413,BINNY MILL (F&V),24/05/2019,AVERAGE,85,Quintal,3500.0,4000.0,3800.0
414,BINNY MILL (F&V),25/05/2019,AVERAGE,51,Quintal,3200.0,3800.0,3600.0
415,BINNY MILL (F&V),27/05/2019,AVERAGE,31,Quintal,3400.0,4000.0,3800.0
416,BINNY MILL (F&V),28/05/2019,AVERAGE,91,Quintal,3600.0,4000.0,3800.0
417,BINNY MILL (F&V),30/05/2019,AVERAGE,73,Quintal,3800.0,4400.0,4000.0
418,BINNY MILL (F&V),31/05/2019,AVERAGE,79,Quintal,3500.0,4500.0,4000.0
419,CHICKBALLAPUR,03/05/2019,AVERAGE,30,Quintal,3000.0,3800.0,3400.0
420,CHICKBALLAPUR,04/05/2019,AVERAGE,32,Quintal,2500.0,3800.0,3200.0
421,CHICKBALLAPUR,05/05/2019,AVERAGE,63,Quintal,3000.0,3800.0,3400.0
422,CHICKBALLAPUR,06/05/2019,AVERAGE,35,Quintal,3000.0,4000.0,3500.0
423,CHICKBALLAPUR,07/05/2019,AVERAGE,51,Quintal,2500.0,3600.0,3000.0
424,CHICKBALLAPUR,08/05/2019,AVERAGE,34,Quintal,2500.0,3600.0,3000.0
425,CHICKBALLAPUR,11/05/2019,AVERAGE,35,Quintal,2500.0,3600.0,3000.0
426,CHICKBALLAPUR,12/05/2019,AVERAGE,41,Quintal,3000.0,3500.0,3250.0
427,CHICKBALLAPUR,13/05/2019,AVERAGE,35,Quintal,2500.0,3800.0,2900.0
428,CHICKBALLAPUR,14/05/2019,AVERAGE,72,Quintal,2000.0,3000.0,2500.0
429,CHICKBALLAPUR,15/05/2019,AVERAGE,90,Quintal,2000.0,3000.0,2500.0
430,CHICKBALLAPUR,17/05/2019,AVERAGE,91,Quintal,1800.0,2000.0,1850.0
431,CHICKBALLAPUR,18/05/2019,AVERAGE,32,Quintal,3000.0,4000.0,3500.0
432,CHICKBALLAPUR,19/05/2019,AVERAGE,92,Quintal,1500.0,2000.0,1750.0
433,CHICKBALLAPUR,20/05/2019,AVERAGE,34,Quintal,1800.0,2200.0,2000.0
434,CHICKBALLAPUR,21/05/2019,AVERAGE,56,Quintal,1800.0,2200.0,2000.0
435,CHICKBALLAPUR,22/05/2019,AVERAGE,52,Quintal,1800.0,2200.0,2000.0
436,CHICKBALLAPUR,24/05/2019,AVERAGE,66,Quintal,1800.0,2400.0,2000.0
437,CHICKBALLAPUR,25/05/2019,AVERAGE,37,Quintal,1800.0,2200.0,2000.0
438,CHICKBALLAPUR,26/05/2019,AVERAGE,39,Quintal,2000.0,2400.0,2200.0
439,CHICKBALLAPUR,27/05/2019,AVERAGE,14,Quintal,2000.0,2400.0,2200.0
440,CHICKBALLAPUR,28/05/2019,AVERAGE,69,Quintal,2400.0,2800.0,2600.0
441,CHICKBALLAPUR,29/05/2019,AVERAGE,24,Quintal,2000.0,2600.0,2300.0
442,CHICKBALLAPUR,31/05/2019,AVERAGE,26,Quintal,2200.0,2600.0,2400.0
443,KOLAR,01/05/2019,AVERAGE,43,Quintal,3500.0,4500.0,4000.0
444,KOLAR,02/05/2019,AVERAGE,107,Quintal,3000.0,4000.0,3700.0
445,KOLAR,03/05/2019,AVERAGE,65,Quintal,3500.0,4000.0,3700.0
446,KOLAR,05/05/2019,AVERAGE,69,Quintal,4000.0,4500.0,4300.0
447,KOLAR,06/05/2019,AVERAGE,93,Quintal,3500.0,4500.0,4000.0
448,KOLAR,07/05/2019,AVERAGE,60,Quintal,3800.0,4500.0,4100.0
449,KOLAR,08/05/2019,AVERAGE,79,Quintal,3500.0,4000.0,3700.0
450,KOLAR,09/05/2019,AVERAGE,60,Quintal,3500.0,4000.0,3700.0
451,KOLAR,10/05/2019,AVERAGE,79,Quintal,3000.0,3500.0,3300.0
452,KOLAR,12/05/2019,AVERAGE,95,Quintal,3500.0,4500.0,4000.0
453,KOLAR,13/05/2019,AVERAGE,70,Quintal,3000.0,3500.0,3300.0
454,KOLAR,14/05/2019,AVERAGE,124,Quintal,2500.0,3000.0,2700.0
455,KOLAR,15/05/2019,AVERAGE,89,Quintal,2500.0,3000.0,2700.0
456,KOLAR,16/05/2019,AVERAGE,55,Quintal,2500.0,3000.0,2700.0
457,KOLAR,17/05/2019,AVERAGE,65,Quintal,2500.0,3000.0,2700.0
458,KOLAR,19/05/2019,AVERAGE,77,Quintal,2500.0,3500.0,3000.0
459,KOLAR,20/05/2019,AVERAGE,76,Quintal,2500.0,3000.0,2700.0
460,KOLAR,21/05/2019,AVERAGE,100,Quintal,2000.0,3000.0,2500.0
461,KOLAR,22/05/2019,AVERAGE,88,Quintal,2000.0,2600.0,2300.0
462,KOLAR,23/05/2019,AVERAGE,140,Quintal,2200.0,2500.0,2300.0
463,KOLAR,24/05/2019,AVERAGE,92,Quintal,2000.0,2500.0,2300.0
464,KOLAR,26/05/2019,AVERAGE,70,Quintal,2000.0,2500.0,2300.0
465,KOLAR,27/05/2019,AVERAGE,125,Quintal,2500.0,3000.0,2700.0
466,KOLAR,28/05/2019,AVERAGE,55,Quintal,2500.0,3500.0,3000.0
467,KOLAR,29/05/2019,AVERAGE,80,Quintal,2000.0,3500.0,2700.0
468,KOLAR,31/05/2019,AVERAGE,65,Quintal,3000.0,3500.0,3300.0
469,MYSURU,01/05/2019,AVERAGE,40,Quintal,4500.0,4700.0,4650.0
470,MYSURU,02/05/2019,AVERAGE,42,Quintal,4500.0,4700.0,4600.0
471,MYSURU,03/05/2019,AVERAGE,36,Quintal,4500.0,4700.0,4600.0
472,MYSURU,05/05/2019,AVERAGE,42,Quintal,4700.0,4900.0,4800.0
473,MYSURU,06/05/2019,AVERAGE,38,Quintal,4700.0,4900.0,4800.0
474,MYSURU,07/05/2019,AVERAGE,42,Quintal,4700.0,4900.0,4850.0
475,MYSURU,08/05/2019,AVERAGE,38,Quintal,4700.0,4900.0,4850.0
476,MYSURU,09/05/2019,AVERAGE,44,Quintal,4500.0,4700.0,4600.0
477,MYSURU,10/05/2019,AVERAGE,39,Quintal,4300.0,4500.0,4450.0
478,MYSURU,12/05/2019,AVERAGE,49,Quintal,4300.0,4500.0,4400.0
479,MYSURU,13/05/2019,AVERAGE,43,Quintal,4300.0,4500.0,4450.0
480,MYSURU,14/05/2019,AVERAGE,49,Quintal,4300.0,4500.0,4450.0
481,MYSURU,15/05/2019,AVERAGE,42,Quintal,4300.0,4500.0,4450.0
482,MYSURU,16/05/2019,AVERAGE,47,Quintal,3800.0,4000.0,3900.0
483,MYSURU,17/05/2019,AVERAGE,38,Quintal,3800.0,4000.0,3950.0
484,MYSURU,19/05/2019,AVERAGE,42,Quintal,3800.0,4000.0,3900.0
485,MYSURU,20/05/2019,AVERAGE,38,Quintal,3800.0,4000.0,3900.0
486,MYSURU,21/05/2019,AVERAGE,40,Quintal,3800.0,4000.0,3900.0
487,MYSURU,22/05/2019,AVERAGE,35,Quintal,3800.0,4000.0,3900.0
488,MYSURU,23/05/2019,AVERAGE,38,Quintal,3600.0,3800.0,3700.0
489,MYSURU,24/05/2019,AVERAGE,35,Quintal,3600.0,3800.0,3700.0
490,MYSURU,26/05/2019,AVERAGE,40,Quintal,3600.0,3800.0,3750.0
491,MYSURU,27/05/2019,AVERAGE,35,Quintal,3600.0,3800.0,3700.0
492,MYSURU,28/05/2019,AVERAGE,41,Quintal,3600.0,3800.0,3750.0
493,MYSURU,29/05/2019,AVERAGE,41,Quintal,3600.0,3800.0,3750.0
494,MYSURU,30/05/2019,AVERAGE,37,Quintal,3600.0,3800.0,3700.0
495,MYSURU,31/05/2019,AVERAGE,32,Quintal,3600.0,3800.0,3700.0
496,BANGARPET,29/06/2019,AVERAGE,1,Quintal,2000.0,2500.0,2300.0
497,BINNY MILL (F&V),01/06/2019,AVERAGE,102,Quintal,3000.0,4000.0,3800.0
498,BINNY MILL (F&V),03/06/2019,AVERAGE,75,Quintal,3000.0,4000.0,3500.0
499,BINNY MILL (F&V),06/06/2019,AVERAGE,35,Quintal,3000.0,3600.0,3500.0
500,BINNY MILL (F&V),07/06/2019,AVERAGE,66,Quintal,3400.0,3800.0,3600.0
501,BINNY MILL (F&V),11/06/2019,AVERAGE,60,Quintal,3600.0,4000.0,3800.0
502,BINNY MILL (F&V),12/06/2019,AVERAGE,35,Quintal,3000.0,3800.0,3400.0
503,BINNY MILL (F&V),13/06/2019,AVERAGE,150,Quintal,3500.0,4500.0,4000.0
504,BINNY MILL (F&V),14/06/2019,AVERAGE,42,Quintal,3400.0,3800.0,3600.0
505,BINNY MILL (F&V),15/06/2019,AVERAGE,45,Quintal,3400.0,4000.0,3800.0
506,BINNY MILL (F&V),17/06/2019,AVERAGE,35,Quintal,3200.0,3800.0,3500.0
507,BINNY MILL (F&V),18/06/2019,AVERAGE,95,Quintal,3400.0,4000.0,3800.0
508,BINNY MILL (F&V),19/06/2019,AVERAGE,92,Quintal,3400.0,4000.0,3800.0
509,BINNY MILL (F&V),20/06/2019,AVERAGE,67,Quintal,3600.0,4000.0,3800.0
510,BINNY MILL (F&V),21/06/2019,AVERAGE,77,Quintal,3500.0,4000.0,3800.0
511,BINNY MILL (F&V),24/06/2019,AVERAGE,94,Quintal,3000.0,4000.0,3500.0
512,BINNY MILL (F&V),25/06/2019,AVERAGE,42,Quintal,3400.0,4000.0,3800.0
513,BINNY MILL (F&V),26/06/2019,AVERAGE,50,Quintal,3500.0,4000.0,3800.0
514,BINNY MILL (F&V),27/06/2019,AVERAGE,74,Quintal,3000.0,4000.0,3500.0
515,BINNY MILL (F&V),28/06/2019,AVERAGE,100,Quintal,3000.0,4000.0,3500.0
516,BINNY MILL (F&V),29/06/2019,AVERAGE,67,Quintal,3000.0,4000.0,3500.0
517,CHICKBALLAPUR,01/06/2019,AVERAGE,17,Quintal,2000.0,2600.0,2300.0
518,CHICKBALLAPUR,02/06/2019,AVERAGE,49,Quintal,2000.0,2600.0,2300.0
519,CHICKBALLAPUR,03/06/2019,AVERAGE,20,Quintal,2200.0,2600.0,2400.0
520,CHICKBALLAPUR,04/06/2019,AVERAGE,51,Quintal,2200.0,2800.0,2600.0
521,CHICKBALLAPUR,05/06/2019,AVERAGE,9,Quintal,2200.0,2500.0,2350.0
522,CHICKBALLAPUR,07/06/2019,AVERAGE,52,Quintal,2500.0,3400.0,2900.0
523,CHICKBALLAPUR,08/06/2019,AVERAGE,17,Quintal,2500.0,3000.0,2750.0
524,CHICKBALLAPUR,09/06/2019,AVERAGE,50,Quintal,2400.0,2800.0,2600.0
525,CHICKBALLAPUR,11/06/2019,AVERAGE,40,Quintal,2000.0,3500.0,2750.0
526,CHICKBALLAPUR,12/06/2019,AVERAGE,19,Quintal,2500.0,3000.0,2750.0
527,CHICKBALLAPUR,14/06/2019,AVERAGE,10,Quintal,4000.0,4800.0,4400.0
528,CHICKBALLAPUR,15/06/2019,AVERAGE,46,Quintal,2200.0,2400.0,2300.0
529,CHICKBALLAPUR,16/06/2019,AVERAGE,39,Quintal,2400.0,3000.0,2750.0
530,CHICKBALLAPUR,17/06/2019,AVERAGE,36,Quintal,2500.0,3000.0,2650.0
531,CHICKBALLAPUR,18/06/2019,AVERAGE,43,Quintal,2400.0,3000.0,2750.0
532,CHICKBALLAPUR,19/06/2019,AVERAGE,23,Quintal,2600.0,3000.0,2800.0
533,CHICKBALLAPUR,21/06/2019,AVERAGE,41,Quintal,2500.0,3500.0,3000.0
534,CHICKBALLAPUR,22/06/2019,AVERAGE,20,Quintal,2500.0,3500.0,3000.0
535,CHICKBALLAPUR,23/06/2019,AVERAGE,34,Quintal,2600.0,3000.0,2800.0
536,CHICKBALLAPUR,24/06/2019,AVERAGE,24,Quintal,2500.0,3500.0,3000.0
537,CHICKBALLAPUR,25/06/2019,AVERAGE,28,Quintal,2500.0,3400.0,3000.0
538,CHICKBALLAPUR,26/06/2019,AVERAGE,17,Quintal,2500.0,3500.0,3000.0
539,CHICKBALLAPUR,28/06/2019,AVERAGE,29,Quintal,2500.0,3500.0,3000.0
540,CHICKBALLAPUR,29/06/2019,AVERAGE,27,Quintal,2500.0,3400.0,2950.0
541,CHICKBALLAPUR,30/06/2019,AVERAGE,20,Quintal,2500.0,3400.0,2950.0
542,KOLAR,02/06/2019,AVERAGE,60,Quintal,3000.0,3500.0,3300.0
543,KOLAR,03/06/2019,AVERAGE,44,Quintal,3000.0,3500.0,3300.0
544,KOLAR,04/06/2019,AVERAGE,51,Quintal,2500.0,3000.0,2700.0
545,KOLAR,05/06/2019,AVERAGE,32,Quintal,2500.0,3000.0,2800.0
546,KOLAR,06/06/2019,AVERAGE,25,Quintal,2500.0,3000.0,2700.0
547,KOLAR,07/06/2019,AVERAGE,76,Quintal,3000.0,3200.0,3100.0
548,KOLAR,09/06/2019,AVERAGE,42,Quintal,2500.0,3000.0,2700.0
549,KOLAR,10/06/2019,AVERAGE,70,Quintal,2500.0,3500.0,3000.0
550,KOLAR,11/06/2019,AVERAGE,58,Quintal,3000.0,3500.0,3300.0
551,KOLAR,12/06/2019,AVERAGE,55,Quintal,2500.0,3200.0,2900.0
552,KOLAR,13/06/2019,AVERAGE,121,Quintal,3000.0,3500.0,3300.0
553,KOLAR,14/06/2019,AVERAGE,60,Quintal,3000.0,3500.0,3300.0
554,KOLAR,16/06/2019,AVERAGE,46,Quintal,3000.0,3500.0,3300.0
555,KOLAR,17/06/2019,AVERAGE,58,Quintal,3000.0,3500.0,3300.0
556,KOLAR,18/06/2019,AVERAGE,50,Quintal,3000.0,3500.0,3300.0
557,KOLAR,19/06/2019,AVERAGE,98,Quintal,3000.0,4000.0,3500.0
558,KOLAR,20/06/2019,AVERAGE,34,Quintal,3500.0,4000.0,3700.0
559,KOLAR,23/06/2019,AVERAGE,36,Quintal,3500.0,4000.0,3700.0
560,KOLAR,24/06/2019,AVERAGE,70,Quintal,4000.0,4200.0,4100.0
561,KOLAR,25/06/2019,AVERAGE,47,Quintal,3000.0,4000.0,3500.0
562,KOLAR,26/06/2019,AVERAGE,59,Quintal,3500.0,4000.0,3700.0
563,KOLAR,27/06/2019,AVERAGE,37,Quintal,3500.0,4000.0,3700.0
564,KOLAR,28/06/2019,AVERAGE,62,Quintal,3000.0,4000.0,3500.0
565,KOLAR,30/06/2019,AVERAGE,64,Quintal,3500.0,4000.0,3700.0
566,MYSURU,02/06/2019,AVERAGE,38,Quintal,3600.0,3800.0,3700.0
567,MYSURU,03/06/2019,AVERAGE,43,Quintal,3600.0,3800.0,3700.0
568,MYSURU,04/06/2019,AVERAGE,38,Quintal,3600.0,3800.0,3700.0
569,MYSURU,06/06/2019,AVERAGE,23,Quintal,3800.0,4000.0,3900.0
570,MYSURU,08/06/2019,AVERAGE,20,Quintal,4000.0,4200.0,4150.0
571,MYSURU,09/06/2019,AVERAGE,25,Quintal,4000.0,4200.0,4100.0
572,MYSURU,10/06/2019,AVERAGE,20,Quintal,4000.0,4200.0,4100.0
573,MYSURU,11/06/2019,AVERAGE,24,Quintal,4000.0,4200.0,4100.0
574,MYSURU,12/06/2019,AVERAGE,19,Quintal,4000.0,4200.0,4150.0
575,MYSURU,13/06/2019,AVERAGE,23,Quintal,4000.0,4200.0,4100.0
576,MYSURU,14/06/2019,AVERAGE,19,Quintal,4200.0,4400.0,4350.0
577,MYSURU,16/06/2019,AVERAGE,23,Quintal,3300.0,4500.0,3450.0
578,MYSURU,17/06/2019,AVERAGE,18,Quintal,4500.0,4700.0,4600.0
579,MYSURU,18/06/2019,AVERAGE,21,Quintal,4500.0,4700.0,4650.0
580,MYSURU,19/06/2019,AVERAGE,17,Quintal,4800.0,5000.0,4950.0
581,MYSURU,20/06/2019,AVERAGE,22,Quintal,4800.0,5000.0,4900.0
582,MYSURU,21/06/2019,AVERAGE,18,Quintal,4600.0,4800.0,4750.0
583,MYSURU,23/06/2019,AVERAGE,23,Quintal,4600.0,4800.0,4750.0
584,MYSURU,24/06/2019,AVERAGE,20,Quintal,4600.0,4800.0,4700.0
585,MYSURU,25/06/2019,AVERAGE,22,Quintal,4400.0,4600.0,4550.0
586,MYSURU,26/06/2019,AVERAGE,18,Quintal,4400.0,4600.0,4500.0
587,MYSURU,27/06/2019,AVERAGE,21,Quintal,4400.0,4600.0,4500.0
588,MYSURU,28/06/2019,AVERAGE,17,Quintal,4400.0,4600.0,4550.0
589,MYSURU,30/06/2019,AVERAGE,27,Quintal,4400.0,4600.0,4500.0
590,BINNY MILL (F&V),01/07/2019,AVERAGE,73,Quintal,3000.0,4000.0,3500.0
591,BINNY MILL (F&V),02/07/2019,AVERAGE,68,Quintal,3000.0,4000.0,3500.0
592,BINNY MILL (F&V),03/07/2019,AVERAGE,70,Quintal,2500.0,3500.0,3000.0
593,BINNY MILL (F&V),04/07/2019,AVERAGE,82,Quintal,2500.0,3500.0,3000.0
594,BINNY MILL (F&V),05/07/2019,AVERAGE,71,Quintal,2500.0,3200.0,2800.0
595,BINNY MILL (F&V),06/07/2019,AVERAGE,45,Quintal,2400.0,2800.0,2600.0
596,BINNY MILL (F&V),08/07/2019,AVERAGE,106,Quintal,2600.0,3000.0,2800.0
597,BINNY MILL (F&V),09/07/2019,AVERAGE,44,Quintal,2600.0,3000.0,2800.0
598,BINNY MILL (F&V),10/07/2019,AVERAGE,107,Quintal,2600.0,3200.0,2800.0
599,BINNY MILL (F&V),11/07/2019,AVERAGE,105,Quintal,2800.0,3200.0,3000.0
600,BINNY MILL (F&V),12/07/2019,AVERAGE,45,Quintal,2600.0,3000.0,2800.0
601,BINNY MILL (F&V),15/07/2019,AVERAGE,73,Quintal,2600.0,3200.0,3000.0
602,BINNY MILL (F&V),16/07/2019,AVERAGE,109,Quintal,2600.0,3000.0,2800.0
603,BINNY MILL (F&V),17/07/2019,AVERAGE,36,Quintal,2400.0,2800.0,2600.0
604,BINNY MILL (F&V),18/07/2019,AVERAGE,59,Quintal,2400.0,2800.0,2600.0
605,BINNY MILL (F&V),19/07/2019,AVERAGE,72,Quintal,2400.0,3000.0,2800.0
606,BINNY MILL (F&V),20/07/2019,AVERAGE,75,Quintal,2600.0,3000.0,2800.0
607,BINNY MILL (F&V),22/07/2019,AVERAGE,108,Quintal,3000.0,3600.0,3400.0
608,BINNY MILL (F&V),23/07/2019,AVERAGE,49,Quintal,3200.0,3500.0,3300.0
609,BINNY MILL (F&V),24/07/2019,AVERAGE,90,Quintal,3000.0,3600.0,3300.0
610,BINNY MILL (F&V),25/07/2019,AVERAGE,48,Quintal,2800.0,3500.0,3200.0
611,BINNY MILL (F&V),26/07/2019,AVERAGE,89,Quintal,2800.0,3200.0,3000.0
612,BINNY MILL (F&V),29/07/2019,AVERAGE,75,Quintal,2600.0,3200.0,2800.0
613,BINNY MILL (F&V),30/07/2019,AVERAGE,94,Quintal,2800.0,3200.0,3000.0
614,BINNY MILL (F&V),31/07/2019,AVERAGE,107,Quintal,2600.0,3200.0,2800.0
615,CHICKBALLAPUR,01/07/2019,AVERAGE,37,Quintal,2500.0,3500.0,3000.0
616,CHICKBALLAPUR,02/07/2019,AVERAGE,30,Quintal,2600.0,3400.0,2900.0
617,CHICKBALLAPUR,03/07/2019,AVERAGE,36,Quintal,2500.0,3500.0,3000.0
618,CHICKBALLAPUR,05/07/2019,AVERAGE,45,Quintal,2800.0,3400.0,3000.0
619,CHICKBALLAPUR,06/07/2019,AVERAGE,28,Quintal,2500.0,3400.0,3000.0
620,CHICKBALLAPUR,07/07/2019,AVERAGE,26,Quintal,2500.0,3400.0,3000.0
621,CHICKBALLAPUR,08/07/2019,AVERAGE,33,Quintal,2500.0,3500.0,3000.0
622,CHICKBALLAPUR,09/07/2019,AVERAGE,23,Quintal,3000.0,3800.0,3400.0
623,CHICKBALLAPUR,10/07/2019,AVERAGE,28,Quintal,2500.0,3500.0,3000.0
624,CHICKBALLAPUR,12/07/2019,AVERAGE,26,Quintal,3000.0,4500.0,3750.0
625,CHICKBALLAPUR,13/07/2019,AVERAGE,10,Quintal,3000.0,4000.0,3500.0
626,CHICKBALLAPUR,14/07/2019,AVERAGE,62,Quintal,3000.0,4000.0,3500.0
627,CHICKBALLAPUR,15/07/2019,AVERAGE,55,Quintal,3000.0,4000.0,3500.0
628,CHICKBALLAPUR,16/07/2019,AVERAGE,63,Quintal,3000.0,4000.0,3500.0
629,CHICKBALLAPUR,17/07/2019,AVERAGE,43,Quintal,3000.0,3500.0,3250.0
630,CHICKBALLAPUR,19/07/2019,AVERAGE,64,Quintal,2000.0,3000.0,2500.0
631,CHICKBALLAPUR,20/07/2019,AVERAGE,50,Quintal,2000.0,3000.0,2500.0
632,CHICKBALLAPUR,21/07/2019,AVERAGE,30,Quintal,2500.0,3000.0,2750.0
633,CHICKBALLAPUR,24/07/2019,AVERAGE,25,Quintal,2000.0,2600.0,2400.0
634,CHICKBALLAPUR,26/07/2019,AVERAGE,82,Quintal,2000.0,2400.0,2200.0
635,CHICKBALLAPUR,28/07/2019,AVERAGE,49,Quintal,2000.0,2500.0,2250.0
636,CHICKBALLAPUR,29/07/2019,AVERAGE,49,Quintal,2000.0,2500.0,2250.0
637,CHICKBALLAPUR,30/07/2019,AVERAGE,26,Quintal,2500.0,3400.0,2950.0
638,CHICKBALLAPUR,31/07/2019,AVERAGE,7,Quintal,2500.0,3000.0,2750.0
639,KOLAR,01/07/2019,AVERAGE,35,Quintal,3500.0,4000.0,3700.0
640,KOLAR,02/07/2019,AVERAGE,65,Quintal,3500.0,4000.0,3700.0
641,KOLAR,03/07/2019,AVERAGE,56,Quintal,3500.0,4400.0,4000.0
642,KOLAR,04/07/2019,AVERAGE,40,Quintal,3500.0,4000.0,3700.0
643,KOLAR,05/07/2019,AVERAGE,53,Quintal,3500.0,4000.0,3700.0
644,KOLAR,07/07/2019,AVERAGE,55,Quintal,4000.0,4200.0,4100.0
645,KOLAR,08/07/2019,AVERAGE,61,Quintal,4000.0,4500.0,4300.0
646,KOLAR,09/07/2019,AVERAGE,67,Quintal,4000.0,5000.0,4500.0
647,KOLAR,10/07/2019,AVERAGE,42,Quintal,3500.0,5000.0,4200.0
648,KOLAR,11/07/2019,AVERAGE,65,Quintal,4000.0,5000.0,4500.0
649,KOLAR,12/07/2019,AVERAGE,45,Quintal,4000.0,5000.0,4500.0
650,KOLAR,14/07/2019,AVERAGE,43,Quintal,3000.0,4000.0,3500.0
651,KOLAR,15/07/2019,AVERAGE,70,Quintal,3000.0,4000.0,3500.0
652,KOLAR,16/07/2019,AVERAGE,60,Quintal,2500.0,3500.0,3000.0
653,KOLAR,17/07/2019,AVERAGE,45,Quintal,4000.0,4500.0,4300.0
654,KOLAR,18/07/2019,AVERAGE,70,Quintal,4000.0,4500.0,4300.0
655,KOLAR,19/07/2019,AVERAGE,74,Quintal,4000.0,4500.0,4300.0
656,KOLAR,21/07/2019,AVERAGE,35,Quintal,4000.0,4500.0,4300.0
657,KOLAR,22/07/2019,AVERAGE,92,Quintal,2500.0,3000.0,2700.0
658,KOLAR,23/07/2019,AVERAGE,54,Quintal,2500.0,3500.0,3000.0
659,KOLAR,24/07/2019,AVERAGE,50,Quintal,3000.0,3200.0,3100.0
660,KOLAR,25/07/2019,AVERAGE,51,Quintal,2800.0,3500.0,3000.0
661,KOLAR,26/07/2019,AVERAGE,72,Quintal,2500.0,3000.0,2700.0
662,KOLAR,28/07/2019,AVERAGE,43,Quintal,2500.0,3000.0,2700.0
663,KOLAR,29/07/2019,AVERAGE,19,Quintal,3000.0,4000.0,3500.0
664,KOLAR,30/07/2019,AVERAGE,55,Quintal,2500.0,3500.0,3000.0
665,KOLAR,31/07/2019,AVERAGE,55,Quintal,2500.0,3500.0,3000.0
666,MYSURU,01/07/2019,AVERAGE,22,Quintal,4600.0,4800.0,4700.0
667,MYSURU,02/07/2019,AVERAGE,25,Quintal,4600.0,4800.0,4700.0
668,MYSURU,03/07/2019,AVERAGE,20,Quintal,5000.0,5200.0,5150.0
669,MYSURU,04/07/2019,AVERAGE,22,Quintal,5000.0,5200.0,5100.0
670,MYSURU,05/07/2019,AVERAGE,18,Quintal,5000.0,5200.0,5100.0
671,MYSURU,07/07/2019,AVERAGE,24,Quintal,4800.0,5000.0,4900.0
672,MYSURU,08/07/2019,AVERAGE,21,Quintal,4800.0,5000.0,4950.0
673,MYSURU,09/07/2019,AVERAGE,26,Quintal,4800.0,5000.0,4900.0
674,MYSURU,10/07/2019,AVERAGE,22,Quintal,4800.0,5000.0,4950.0
675,MYSURU,11/07/2019,AVERAGE,28,Quintal,4800.0,5000.0,4900.0
676,MYSURU,12/07/2019,AVERAGE,23,Quintal,4800.0,5000.0,4900.0
677,MYSURU,14/07/2019,AVERAGE,27,Quintal,4800.0,5000.0,4900.0
678,MYSURU,15/07/2019,AVERAGE,21,Quintal,4800.0,5000.0,4900.0
679,MYSURU,16/07/2019,AVERAGE,24,Quintal,4800.0,5000.0,4900.0
680,MYSURU,17/07/2019,AVERAGE,19,Quintal,4800.0,5000.0,4900.0
681,MYSURU,18/07/2019,AVERAGE,23,Quintal,4400.0,4600.0,4500.0
682,MYSURU,19/07/2019,AVERAGE,17,Quintal,4400.0,4600.0,4500.0
683,MYSURU,21/07/2019,AVERAGE,27,Quintal,4100.0,4300.0,4200.0
684,MYSURU,22/07/2019,AVERAGE,22,Quintal,4100.0,4300.0,4200.0
685,MYSURU,23/07/2019,AVERAGE,30,Quintal,3800.0,4000.0,3900.0
686,MYSURU,24/07/2019,AVERAGE,25,Quintal,3800.0,4000.0,3900.0
687,MYSURU,25/07/2019,AVERAGE,35,Quintal,3600.0,3800.0,3750.0
688,MYSURU,26/07/2019,AVERAGE,32,Quintal,3600.0,3800.0,3750.0
689,MYSURU,28/07/2019,AVERAGE,42,Quintal,3600.0,3900.0,3800.0
690,MYSURU,29/07/2019,AVERAGE,36,Quintal,3600.0,3800.0,3750.0
691,MYSURU,30/07/2019,AVERAGE,41,Quintal,3400.0,3600.0,3500.0
692,MYSURU,31/07/2019,AVERAGE,31,Quintal,3400.0,3600.0,3500.0
693,BANGARPET,09/08/2019,AVERAGE,1,Quintal,2000.0,3000.0,2500.0
694,BANGARPET,13/08/2019,AVERAGE,1,Quintal,2000.0,3000.0,2500.0
695,BANGARPET,24/08/2019,AVERAGE,1,Quintal,2000.0,3000.0,2500.0
696,BINNY MILL (F&V),01/08/2019,AVERAGE,99,Quintal,2600.0,3200.0,2800.0
697,BINNY MILL (F&V),02/08/2019,AVERAGE,47,Quintal,2600.0,3000.0,2800.0
698,BINNY MILL (F&V),03/08/2019,AVERAGE,52,Quintal,2800.0,3400.0,3200.0
699,BINNY MILL (F&V),05/08/2019,AVERAGE,100,Quintal,2800.0,3400.0,3200.0
700,BINNY MILL (F&V),06/08/2019,AVERAGE,42,Quintal,2800.0,3400.0,3200.0
701,BINNY MILL (F&V),07/08/2019,AVERAGE,64,Quintal,2800.0,3400.0,3200.0
702,BINNY MILL (F&V),08/08/2019,AVERAGE,84,Quintal,2800.0,3500.0,3200.0
703,BINNY MILL (F&V),09/08/2019,AVERAGE,80,Quintal,3500.0,4500.0,4000.0
704,BINNY MILL (F&V),13/08/2019,AVERAGE,24,Quintal,3000.0,4000.0,3500.0
705,BINNY MILL (F&V),14/08/2019,AVERAGE,228,Quintal,2500.0,3500.0,3000.0
706,BINNY MILL (F&V),16/08/2019,AVERAGE,108,Quintal,3000.0,4000.0,3500.0
707,BINNY MILL (F&V),17/08/2019,AVERAGE,27,Quintal,2800.0,3200.0,3000.0
708,BINNY MILL (F&V),19/08/2019,AVERAGE,43,Quintal,2800.0,3400.0,3200.0
709,BINNY MILL (F&V),20/08/2019,AVERAGE,48,Quintal,2800.0,3200.0,3000.0
710,BINNY MILL (F&V),21/08/2019,AVERAGE,40,Quintal,3000.0,3400.0,3200.0
711,BINNY MILL (F&V),22/08/2019,AVERAGE,60,Quintal,3000.0,3400.0,3200.0
712,BINNY MILL (F&V),23/08/2019,AVERAGE,104,Quintal,3000.0,3400.0,3200.0
713,BINNY MILL (F&V),26/08/2019,AVERAGE,98,Quintal,3200.0,3600.0,3400.0
714,BINNY MILL (F&V),27/08/2019,AVERAGE,249,Quintal,2000.0,3000.0,2500.0
715,BINNY MILL (F&V),28/08/2019,AVERAGE,100,Quintal,2800.0,3400.0,3200.0
716,BINNY MILL (F&V),29/08/2019,AVERAGE,78,Quintal,2600.0,3200.0,2800.0
717,BINNY MILL (F&V),30/08/2019,AVERAGE,80,Quintal,2600.0,3000.0,2800.0
718,BINNY MILL (F&V),31/08/2019,AVERAGE,45,Quintal,2600.0,3200.0,2800.0
719,CHICKBALLAPUR,02/08/2019,AVERAGE,29,Quintal,1500.0,3000.0,2250.0
720,CHICKBALLAPUR,03/08/2019,AVERAGE,55,Quintal,2000.0,3000.0,2500.0
721,CHICKBALLAPUR,04/08/2019,AVERAGE,38,Quintal,2500.0,3000.0,2750.0
722,CHICKBALLAPUR,05/08/2019,AVERAGE,20,Quintal,2000.0,3000.0,2500.0
723,CHICKBALLAPUR,06/08/2019,AVERAGE,25,Quintal,2500.0,3000.0,2750.0
724,CHICKBALLAPUR,07/08/2019,AVERAGE,16,Quintal,2500.0,3000.0,2750.0
725,CHICKBALLAPUR,09/08/2019,AVERAGE,13,Quintal,2500.0,3400.0,2950.0
726,CHICKBALLAPUR,10/08/2019,AVERAGE,7,Quintal,2500.0,3000.0,2750.0
727,CHICKBALLAPUR,11/08/2019,AVERAGE,32,Quintal,2500.0,3500.0,3000.0
728,CHICKBALLAPUR,12/08/2019,AVERAGE,33,Quintal,2500.0,3500.0,3000.0
729,CHICKBALLAPUR,13/08/2019,AVERAGE,51,Quintal,2000.0,2500.0,2250.0
730,CHICKBALLAPUR,14/08/2019,AVERAGE,40,Quintal,2500.0,3000.0,2750.0
731,CHICKBALLAPUR,16/08/2019,AVERAGE,43,Quintal,2000.0,3000.0,2500.0
732,CHICKBALLAPUR,18/08/2019,AVERAGE,70,Quintal,1500.0,3000.0,2250.0
733,CHICKBALLAPUR,19/08/2019,AVERAGE,37,Quintal,1500.0,2500.0,2000.0
734,CHICKBALLAPUR,20/08/2019,AVERAGE,71,Quintal,2500.0,2600.0,2550.0
735,CHICKBALLAPUR,21/08/2019,AVERAGE,92,Quintal,2000.0,2500.0,2250.0
736,CHICKBALLAPUR,23/08/2019,AVERAGE,71,Quintal,1200.0,2000.0,1600.0
737,CHICKBALLAPUR,24/08/2019,AVERAGE,40,Quintal,1500.0,2000.0,1750.0
738,CHICKBALLAPUR,25/08/2019,AVERAGE,60,Quintal,1800.0,2200.0,2000.0
739,CHICKBALLAPUR,26/08/2019,AVERAGE,42,Quintal,1800.0,2200.0,2000.0
740,CHICKBALLAPUR,27/08/2019,AVERAGE,135,Quintal,2000.0,2200.0,2100.0
741,CHICKBALLAPUR,28/08/2019,AVERAGE,25,Quintal,1800.0,2200.0,2000.0
742,CHICKBALLAPUR,30/08/2019,AVERAGE,60,Quintal,2000.0,2500.0,2250.0
743,CHICKBALLAPUR,31/08/2019,AVERAGE,32,Quintal,2000.0,2400.0,2200.0
744,KOLAR,01/08/2019,AVERAGE,74,Quintal,3000.0,3500.0,3300.0
745,KOLAR,02/08/2019,AVERAGE,42,Quintal,3000.0,3500.0,3300.0
746,KOLAR,05/08/2019,AVERAGE,55,Quintal,2500.0,3500.0,3000.0
747,KOLAR,06/08/2019,AVERAGE,70,Quintal,3000.0,3500.0,3300.0
748,KOLAR,07/08/2019,AVERAGE,35,Quintal,2000.0,2500.0,2300.0
749,KOLAR,08/08/2019,AVERAGE,30,Quintal,3000.0,3500.0,3300.0
750,KOLAR,09/08/2019,AVERAGE,42,Quintal,3000.0,3500.0,3300.0
751,KOLAR,11/08/2019,AVERAGE,36,Quintal,2500.0,3000.0,2700.0
752,KOLAR,12/08/2019,AVERAGE,31,Quintal,2500.0,3500.0,3000.0
753,KOLAR,13/08/2019,AVERAGE,20,Quintal,3000.0,3500.0,3300.0
754,KOLAR,14/08/2019,AVERAGE,57,Quintal,3000.0,3500.0,3300.0
755,KOLAR,15/08/2019,AVERAGE,55,Quintal,2500.0,3000.0,2700.0
756,KOLAR,16/08/2019,AVERAGE,38,Quintal,2500.0,3000.0,2700.0
757,KOLAR,18/08/2019,AVERAGE,78,Quintal,3000.0,3500.0,3300.0
758,KOLAR,19/08/2019,AVERAGE,40,Quintal,2500.0,3000.0,2700.0
759,KOLAR,20/08/2019,AVERAGE,26,Quintal,2500.0,3000.0,2700.0
760,KOLAR,21/08/2019,AVERAGE,29,Quintal,2500.0,3500.0,3000.0
761,KOLAR,22/08/2019,AVERAGE,37,Quintal,2500.0,3000.0,2700.0
762,KOLAR,23/08/2019,AVERAGE,49,Quintal,2500.0,3000.0,2700.0
763,KOLAR,25/08/2019,AVERAGE,45,Quintal,2000.0,2500.0,2300.0
764,KOLAR,26/08/2019,AVERAGE,44,Quintal,2000.0,2500.0,2300.0
765,KOLAR,27/08/2019,AVERAGE,47,Quintal,2000.0,2500.0,2300.0
766,KOLAR,28/08/2019,AVERAGE,39,Quintal,2000.0,2500.0,2300.0
767,KOLAR,29/08/2019,AVERAGE,65,Quintal,2000.0,2500.0,2300.0
768,KOLAR,30/08/2019,AVERAGE,65,Quintal,2000.0,2500.0,2300.0
769,MYSURU,01/08/2019,AVERAGE,36,Quintal,3200.0,3400.0,3300.0
770,MYSURU,02/08/2019,AVERAGE,26,Quintal,3200.0,3400.0,3350.0
771,MYSURU,04/08/2019,AVERAGE,31,Quintal,3200.0,3400.0,3300.0
772,MYSURU,05/08/2019,AVERAGE,21,Quintal,3200.0,3400.0,3300.0
773,MYSURU,06/08/2019,AVERAGE,26,Quintal,3200.0,3400.0,3300.0
774,MYSURU,07/08/2019,AVERAGE,20,Quintal,3200.0,3400.0,3350.0
775,MYSURU,08/08/2019,AVERAGE,30,Quintal,3200.0,3400.0,3250.0
776,MYSURU,09/08/2019,AVERAGE,25,Quintal,3200.0,3400.0,3350.0
777,MYSURU,11/08/2019,AVERAGE,8,Quintal,3200.0,3400.0,3350.0
778,MYSURU,12/08/2019,AVERAGE,30,Quintal,3200.0,3400.0,3350.0
779,MYSURU,13/08/2019,AVERAGE,50,Quintal,3200.0,3400.0,3300.0
780,MYSURU,14/08/2019,AVERAGE,40,Quintal,3200.0,3400.0,3350.0
781,MYSURU,15/08/2019,AVERAGE,52,Quintal,3000.0,3200.0,3100.0
782,MYSURU,16/08/2019,AVERAGE,48,Quintal,3000.0,3200.0,3100.0
783,MYSURU,18/08/2019,AVERAGE,58,Quintal,3000.0,3200.0,3150.0
784,MYSURU,19/08/2019,AVERAGE,53,Quintal,3000.0,3200.0,3150.0
785,MYSURU,20/08/2019,AVERAGE,63,Quintal,3000.0,3200.0,3150.0
786,MYSURU,21/08/2019,AVERAGE,55,Quintal,3000.0,3200.0,3100.0
787,MYSURU,22/08/2019,AVERAGE,60,Quintal,2800.0,3000.0,2900.0
788,MYSURU,23/08/2019,AVERAGE,50,Quintal,2800.0,3000.0,2950.0
789,MYSURU,25/08/2019,AVERAGE,58,Quintal,2800.0,3000.0,2950.0
790,MYSURU,26/08/2019,AVERAGE,53,Quintal,2800.0,3000.0,2950.0
791,MYSURU,27/08/2019,AVERAGE,52,Quintal,2800.0,3000.0,2900.0
792,MYSURU,28/08/2019,AVERAGE,38,Quintal,2800.0,3000.0,2950.0
793,MYSURU,29/08/2019,AVERAGE,48,Quintal,2600.0,2800.0,2700.0
794,MYSURU,30/08/2019,AVERAGE,53,Quintal,2600.0,2800.0,2750.0
795,BANGARPET,16/09/2019,AVERAGE,1,Quintal,1500.0,2000.0,1800.0
796,BANGARPET,19/09/2019,AVERAGE,1,Quintal,1000.0,1500.0,1200.0
797,BANGARPET,24/09/2019,AVERAGE,2,Quintal,1500.0,2000.0,1800.0
798,BANGARPET,25/09/2019,AVERAGE,1,Quintal,1000.0,1500.0,1300.0
799,BINNY MILL (F&V),03/09/2019,AVERAGE,62,Quintal,2600.0,3000.0,2800.0
800,BINNY MILL (F&V),04/09/2019,AVERAGE,47,Quintal,2600.0,3000.0,2800.0
801,BINNY MILL (F&V),05/09/2019,AVERAGE,66,Quintal,2800.0,3200.0,3000.0
802,BINNY MILL (F&V),06/09/2019,AVERAGE,35,Quintal,2800.0,3200.0,3000.0
803,BINNY MILL (F&V),07/09/2019,AVERAGE,115,Quintal,2600.0,3000.0,2800.0
804,BINNY MILL (F&V),09/09/2019,AVERAGE,75,Quintal,2400.0,2800.0,2600.0
805,BINNY MILL (F&V),11/09/2019,AVERAGE,37,Quintal,2400.0,2800.0,2600.0
806,BINNY MILL (F&V),12/09/2019,AVERAGE,86,Quintal,2400.0,2800.0,2600.0
807,BINNY MILL (F&V),13/09/2019,AVERAGE,72,Quintal,2000.0,3000.0,2500.0
808,BINNY MILL (F&V),16/09/2019,AVERAGE,44,Quintal,2200.0,2600.0,2400.0
809,BINNY MILL (F&V),17/09/2019,AVERAGE,88,Quintal,2400.0,2800.0,2600.0
810,BINNY MILL (F&V),18/09/2019,AVERAGE,72,Quintal,2400.0,2800.0,2600.0
811,BINNY MILL (F&V),19/09/2019,AVERAGE,92,Quintal,2400.0,2800.0,2600.0
812,BINNY MILL (F&V),20/09/2019,AVERAGE,84,Quintal,2200.0,2800.0,2400.0
813,BINNY MILL (F&V),21/09/2019,AVERAGE,88,Quintal,2200.0,2600.0,2400.0
814,BINNY MILL (F&V),23/09/2019,AVERAGE,69,Quintal,2400.0,2600.0,2500.0
815,BINNY MILL (F&V),24/09/2019,AVERAGE,63,Quintal,2400.0,2600.0,2500.0
816,BINNY MILL (F&V),25/09/2019,AVERAGE,76,Quintal,2200.0,2600.0,2400.0
817,BINNY MILL (F&V),26/09/2019,AVERAGE,86,Quintal,2200.0,2600.0,2400.0
818,BINNY MILL (F&V),27/09/2019,AVERAGE,134,Quintal,2200.0,2600.0,2400.0
819,BINNY MILL (F&V),30/09/2019,AVERAGE,34,Quintal,2200.0,2600.0,2400.0
820,CHICKBALLAPUR,01/09/2019,AVERAGE,39,Quintal,1000.0,2000.0,1500.0
821,CHICKBALLAPUR,02/09/2019,AVERAGE,8,Quintal,1800.0,2000.0,1900.0
822,CHICKBALLAPUR,03/09/2019,AVERAGE,51,Quintal,1500.0,2500.0,2000.0
823,CHICKBALLAPUR,04/09/2019,AVERAGE,44,Quintal,2000.0,2500.0,2250.0
824,CHICKBALLAPUR,06/09/2019,AVERAGE,51,Quintal,1800.0,2000.0,1900.0
825,CHICKBALLAPUR,07/09/2019,AVERAGE,34,Quintal,1800.0,2000.0,1900.0
826,CHICKBALLAPUR,08/09/2019,AVERAGE,50,Quintal,1800.0,2000.0,1900.0
827,CHICKBALLAPUR,09/09/2019,AVERAGE,31,Quintal,1800.0,2000.0,1900.0
828,CHICKBALLAPUR,10/09/2019,AVERAGE,43,Quintal,1500.0,2000.0,1750.0
829,CHICKBALLAPUR,11/09/2019,AVERAGE,35,Quintal,1500.0,2000.0,1750.0
830,CHICKBALLAPUR,13/09/2019,AVERAGE,63,Quintal,1700.0,2000.0,1850.0
831,CHICKBALLAPUR,14/09/2019,AVERAGE,35,Quintal,1500.0,2000.0,1750.0
832,CHICKBALLAPUR,15/09/2019,AVERAGE,55,Quintal,1500.0,2000.0,1750.0
833,CHICKBALLAPUR,16/09/2019,AVERAGE,32,Quintal,1500.0,2000.0,1750.0
834,CHICKBALLAPUR,17/09/2019,AVERAGE,69,Quintal,1500.0,2000.0,1750.0
835,CHICKBALLAPUR,18/09/2019,AVERAGE,43,Quintal,1700.0,2000.0,1850.0
836,CHICKBALLAPUR,20/09/2019,AVERAGE,28,Quintal,1800.0,2000.0,1900.0
837,CHICKBALLAPUR,21/09/2019,AVERAGE,45,Quintal,1700.0,2000.0,1850.0
838,CHICKBALLAPUR,22/09/2019,AVERAGE,15,Quintal,1800.0,2000.0,1900.0
839,CHICKBALLAPUR,23/09/2019,AVERAGE,23,Quintal,1800.0,2000.0,1900.0
840,CHICKBALLAPUR,24/09/2019,AVERAGE,43,Quintal,2000.0,2400.0,2200.0
841,CHICKBALLAPUR,25/09/2019,AVERAGE,53,Quintal,1500.0,2400.0,2000.0
842,CHICKBALLAPUR,27/09/2019,AVERAGE,26,Quintal,1700.0,2000.0,1850.0
843,CHICKBALLAPUR,28/09/2019,AVERAGE,18,Quintal,1800.0,2000.0,1900.0
844,CHICKBALLAPUR,29/09/2019,AVERAGE,40,Quintal,1000.0,2000.0,1500.0
845,CHICKBALLAPUR,30/09/2019,AVERAGE,28,Quintal,1800.0,2400.0,2100.0
846,KOLAR,01/09/2019,AVERAGE,69,Quintal,2000.0,2500.0,2300.0
847,KOLAR,02/09/2019,AVERAGE,96,Quintal,1500.0,2000.0,1700.0
848,KOLAR,03/09/2019,AVERAGE,33,Quintal,2000.0,2500.0,2300.0
849,KOLAR,04/09/2019,AVERAGE,55,Quintal,2000.0,2500.0,2300.0
850,KOLAR,05/09/2019,AVERAGE,29,Quintal,2000.0,2500.0,2300.0
851,KOLAR,06/09/2019,AVERAGE,44,Quintal,2000.0,2500.0,2300.0
852,KOLAR,08/09/2019,AVERAGE,28,Quintal,2000.0,2500.0,2300.0
853,KOLAR,10/09/2019,AVERAGE,105,Quintal,1500.0,2000.0,1700.0
854,KOLAR,11/09/2019,AVERAGE,59,Quintal,1800.0,2000.0,1900.0
855,KOLAR,12/09/2019,AVERAGE,20,Quintal,2000.0,2500.0,2300.0
856,KOLAR,13/09/2019,AVERAGE,42,Quintal,1800.0,2000.0,1900.0
857,KOLAR,15/09/2019,AVERAGE,74,Quintal,1500.0,2000.0,1700.0
858,KOLAR,16/09/2019,AVERAGE,90,Quintal,1800.0,2000.0,1900.0
859,KOLAR,17/09/2019,AVERAGE,42,Quintal,1500.0,2500.0,2000.0
860,KOLAR,18/09/2019,AVERAGE,46,Quintal,1500.0,2000.0,1700.0
861,KOLAR,19/09/2019,AVERAGE,15,Quintal,1800.0,2000.0,1900.0
862,KOLAR,20/09/2019,AVERAGE,71,Quintal,2000.0,2200.0,2100.0
863,KOLAR,22/09/2019,AVERAGE,31,Quintal,2000.0,2500.0,2300.0
864,KOLAR,23/09/2019,AVERAGE,40,Quintal,2500.0,3000.0,2700.0
865,KOLAR,24/09/2019,AVERAGE,47,Quintal,2500.0,3000.0,2700.0
866,KOLAR,25/09/2019,AVERAGE,27,Quintal,2000.0,3000.0,2500.0
867,KOLAR,26/09/2019,AVERAGE,90,Quintal,2000.0,2200.0,2100.0
868,KOLAR,27/09/2019,AVERAGE,40,Quintal,2000.0,2200.0,2100.0
869,KOLAR,29/09/2019,AVERAGE,110,Quintal,2000.0,2200.0,2100.0
870,MYSURU,01/09/2019,AVERAGE,58,Quintal,2600.0,2800.0,2700.0
871,MYSURU,02/09/2019,AVERAGE,48,Quintal,2600.0,2800.0,2750.0
872,MYSURU,03/09/2019,AVERAGE,43,Quintal,2500.0,2800.0,2600.0
873,MYSURU,04/09/2019,AVERAGE,33,Quintal,2600.0,2800.0,2700.0
874,MYSURU,05/09/2019,AVERAGE,43,Quintal,2600.0,2800.0,2750.0
875,MYSURU,08/09/2019,AVERAGE,58,Quintal,2300.0,2500.0,2450.0
876,MYSURU,09/09/2019,AVERAGE,63,Quintal,2300.0,2500.0,2450.0
877,MYSURU,11/09/2019,AVERAGE,5,Quintal,2300.0,2500.0,2450.0
878,MYSURU,12/09/2019,AVERAGE,34,Quintal,2300.0,2500.0,2450.0
879,MYSURU,13/09/2019,AVERAGE,10,Quintal,2300.0,2500.0,2400.0
880,MYSURU,15/09/2019,AVERAGE,27,Quintal,2300.0,2500.0,2450.0
881,MYSURU,17/09/2019,AVERAGE,35,Quintal,2100.0,2300.0,2250.0
882,MYSURU,18/09/2019,AVERAGE,27,Quintal,2100.0,2300.0,2250.0
883,MYSURU,19/09/2019,AVERAGE,30,Quintal,2000.0,2300.0,2150.0
884,MYSURU,21/09/2019,AVERAGE,24,Quintal,2000.0,2200.0,2150.0
885,MYSURU,22/09/2019,AVERAGE,34,Quintal,2000.0,2200.0,2150.0
886,MYSURU,23/09/2019,AVERAGE,24,Quintal,2000.0,2200.0,2100.0
887,MYSURU,24/09/2019,AVERAGE,29,Quintal,2000.0,2200.0,2150.0
888,MYSURU,25/09/2019,AVERAGE,21,Quintal,2000.0,2200.0,2100.0
889,MYSURU,26/09/2019,AVERAGE,48,Quintal,2000.0,2200.0,2150.0
890,MYSURU,27/09/2019,AVERAGE,16,Quintal,2000.0,2200.0,2100.0
891,MYSURU,29/09/2019,AVERAGE,24,Quintal,2000.0,2200.0,2100.0
892,MYSURU,30/09/2019,AVERAGE,18,Quintal,2200.0,2400.0,2350.0
893,BANGARPET,08/10/2019,AVERAGE,1,Quintal,2000.0,2500.0,2200.0
894,BINNY MILL (F&V),01/10/2019,AVERAGE,89,Quintal,2200.0,2600.0,2400.0
895,BINNY MILL (F&V),03/10/2019,AVERAGE,80,Quintal,2200.0,2600.0,2400.0
896,BINNY MILL (F&V),04/10/2019,AVERAGE,111,Quintal,2000.0,2600.0,2300.0
897,BINNY MILL (F&V),05/10/2019,AVERAGE,40,Quintal,2200.0,2600.0,2400.0
898,BINNY MILL (F&V),09/10/2019,AVERAGE,62,Quintal,2200.0,2600.0,2400.0
899,BINNY MILL (F&V),10/10/2019,AVERAGE,58,Quintal,2000.0,2800.0,2400.0
900,BINNY MILL (F&V),11/10/2019,AVERAGE,52,Quintal,2400.0,2800.0,2600.0
901,BINNY MILL (F&V),14/10/2019,AVERAGE,48,Quintal,2400.0,2800.0,2600.0
902,BINNY MILL (F&V),15/10/2019,AVERAGE,71,Quintal,2600.0,3000.0,2800.0
903,BINNY MILL (F&V),16/10/2019,AVERAGE,67,Quintal,2600.0,3000.0,2800.0
904,BINNY MILL (F&V),17/10/2019,AVERAGE,60,Quintal,2600.0,3000.0,2800.0
905,BINNY MILL (F&V),18/10/2019,AVERAGE,90,Quintal,2500.0,3000.0,2800.0
906,BINNY MILL (F&V),19/10/2019,AVERAGE,23,Quintal,2600.0,3400.0,3000.0
907,BINNY MILL (F&V),21/10/2019,AVERAGE,49,Quintal,3000.0,4000.0,3500.0
908,BINNY MILL (F&V),22/10/2019,AVERAGE,82,Quintal,3400.0,4200.0,3800.0
909,BINNY MILL (F&V),23/10/2019,AVERAGE,105,Quintal,3000.0,4000.0,3500.0
910,BINNY MILL (F&V),24/10/2019,AVERAGE,39,Quintal,3000.0,3400.0,3200.0
911,BINNY MILL (F&V),25/10/2019,AVERAGE,69,Quintal,3000.0,3500.0,3200.0
912,BINNY MILL (F&V),28/10/2019,AVERAGE,69,Quintal,3000.0,3400.0,3200.0
913,BINNY MILL (F&V),30/10/2019,AVERAGE,71,Quintal,2800.0,3200.0,3000.0
914,BINNY MILL (F&V),31/10/2019,AVERAGE,184,Quintal,1800.0,2500.0,2200.0
915,CHICKBALLAPUR,01/10/2019,AVERAGE,63,Quintal,1800.0,2200.0,2000.0
916,CHICKBALLAPUR,02/10/2019,AVERAGE,30,Quintal,1800.0,2200.0,2000.0
917,CHICKBALLAPUR,04/10/2019,AVERAGE,34,Quintal,1500.0,2200.0,1900.0
918,CHICKBALLAPUR,05/10/2019,AVERAGE,18,Quintal,1800.0,2400.0,2100.0
919,CHICKBALLAPUR,06/10/2019,AVERAGE,36,Quintal,1800.0,2000.0,1900.0
920,CHICKBALLAPUR,07/10/2019,AVERAGE,10,Quintal,1800.0,2000.0,1900.0
921,CHICKBALLAPUR,08/10/2019,AVERAGE,10,Quintal,2000.0,2400.0,2200.0
922,CHICKBALLAPUR,11/10/2019,AVERAGE,38,Quintal,2000.0,2800.0,2400.0
923,CHICKBALLAPUR,13/10/2019,AVERAGE,35,Quintal,1800.0,2400.0,2100.0
924,CHICKBALLAPUR,14/10/2019,AVERAGE,29,Quintal,2000.0,2500.0,2250.0
925,CHICKBALLAPUR,15/10/2019,AVERAGE,25,Quintal,2500.0,3000.0,2750.0
926,CHICKBALLAPUR,16/10/2019,AVERAGE,18,Quintal,2000.0,2600.0,2300.0
927,CHICKBALLAPUR,18/10/2019,AVERAGE,23,Quintal,2000.0,2500.0,2250.0
928,CHICKBALLAPUR,19/10/2019,AVERAGE,23,Quintal,2000.0,2500.0,2250.0
929,CHICKBALLAPUR,20/10/2019,AVERAGE,12,Quintal,2000.0,2500.0,2250.0
930,CHICKBALLAPUR,21/10/2019,AVERAGE,8,Quintal,2400.0,2800.0,2600.0
931,CHICKBALLAPUR,22/10/2019,AVERAGE,8,Quintal,3000.0,3400.0,3200.0
932,CHICKBALLAPUR,23/10/2019,AVERAGE,8,Quintal,1500.0,2000.0,1750.0
933,CHICKBALLAPUR,25/10/2019,AVERAGE,38,Quintal,2500.0,3000.0,2750.0
934,CHICKBALLAPUR,26/10/2019,AVERAGE,35,Quintal,3000.0,3800.0,3400.0
935,CHICKBALLAPUR,29/10/2019,AVERAGE,22,Quintal,3000.0,3500.0,3250.0
936,CHICKBALLAPUR,30/10/2019,AVERAGE,30,Quintal,3000.0,3700.0,3350.0
937,KOLAR,01/10/2019,AVERAGE,77,Quintal,2000.0,3000.0,2500.0
938,KOLAR,02/10/2019,AVERAGE,96,Quintal,2000.0,3000.0,2500.0
939,KOLAR,03/10/2019,AVERAGE,40,Quintal,2500.0,3000.0,2700.0
940,KOLAR,04/10/2019,AVERAGE,97,Quintal,2000.0,3000.0,2700.0
941,KOLAR,06/10/2019,AVERAGE,78,Quintal,2500.0,3000.0,2700.0
942,KOLAR,07/10/2019,AVERAGE,79,Quintal,2000.0,2500.0,2300.0
943,KOLAR,08/10/2019,AVERAGE,36,Quintal,2500.0,3000.0,2700.0
944,KOLAR,09/10/2019,AVERAGE,60,Quintal,2500.0,3000.0,2700.0
945,KOLAR,10/10/2019,AVERAGE,55,Quintal,2000.0,2500.0,2300.0
946,KOLAR,11/10/2019,AVERAGE,79,Quintal,2500.0,3000.0,2700.0
947,KOLAR,13/10/2019,AVERAGE,75,Quintal,2500.0,3000.0,2700.0
948,KOLAR,14/10/2019,AVERAGE,74,Quintal,2500.0,3500.0,3000.0
949,KOLAR,15/10/2019,AVERAGE,84,Quintal,3000.0,3500.0,3300.0
950,KOLAR,16/10/2019,AVERAGE,65,Quintal,3000.0,3500.0,3300.0
951,KOLAR,17/10/2019,AVERAGE,93,Quintal,3000.0,3500.0,3300.0
952,KOLAR,18/10/2019,AVERAGE,85,Quintal,2500.0,3500.0,3000.0
953,KOLAR,20/10/2019,AVERAGE,74,Quintal,3500.0,4000.0,3700.0
954,KOLAR,21/10/2019,AVERAGE,87,Quintal,3000.0,4000.0,3500.0
955,KOLAR,22/10/2019,AVERAGE,50,Quintal,3000.0,4000.0,3500.0
956,KOLAR,23/10/2019,AVERAGE,33,Quintal,3500.0,3800.0,3600.0
957,KOLAR,24/10/2019,AVERAGE,39,Quintal,2000.0,3000.0,2500.0
958,KOLAR,25/10/2019,AVERAGE,33,Quintal,1500.0,2500.0,2000.0
959,KOLAR,27/10/2019,AVERAGE,70,Quintal,2200.0,2800.0,2400.0
960,KOLAR,28/10/2019,AVERAGE,29,Quintal,2500.0,3000.0,2700.0
961,KOLAR,29/10/2019,AVERAGE,35,Quintal,2500.0,3500.0,3000.0
962,KOLAR,30/10/2019,AVERAGE,65,Quintal,3000.0,3500.0,3300.0
963,KOLAR,31/10/2019,AVERAGE,76,Quintal,3000.0,3500.0,3200.0
964,MYSURU,01/10/2019,AVERAGE,26,Quintal,2200.0,2400.0,2200.0
965,MYSURU,02/10/2019,AVERAGE,16,Quintal,2200.0,2400.0,2300.0
966,MYSURU,03/10/2019,AVERAGE,27,Quintal,2200.0,2400.0,2350.0
967,MYSURU,06/10/2019,AVERAGE,32,Quintal,2200.0,2400.0,2300.0
968,MYSURU,09/10/2019,AVERAGE,15,Quintal,2200.0,2400.0,2350.0
969,MYSURU,10/10/2019,AVERAGE,20,Quintal,2300.0,2500.0,2450.0
970,MYSURU,11/10/2019,AVERAGE,15,Quintal,2300.0,2500.0,2400.0
971,MYSURU,13/10/2019,AVERAGE,21,Quintal,2300.0,2500.0,2450.0
972,MYSURU,14/10/2019,AVERAGE,13,Quintal,2500.0,2700.0,2600.0
973,MYSURU,15/10/2019,AVERAGE,16,Quintal,2700.0,2900.0,2800.0
974,MYSURU,16/10/2019,AVERAGE,11,Quintal,2800.0,3000.0,2900.0
975,MYSURU,17/10/2019,AVERAGE,17,Quintal,2800.0,3000.0,2900.0
976,MYSURU,22/10/2019,AVERAGE,18,Quintal,3000.0,3200.0,3100.0
977,MYSURU,23/10/2019,AVERAGE,13,Quintal,3200.0,3400.0,3350.0
978,MYSURU,24/10/2019,AVERAGE,22,Quintal,3200.0,3400.0,3300.0
979,MYSURU,25/10/2019,AVERAGE,16,Quintal,3400.0,3600.0,3500.0
980,MYSURU,27/10/2019,AVERAGE,24,Quintal,3600.0,3800.0,3700.0
981,MYSURU,28/10/2019,AVERAGE,8,Quintal,2600.0,3800.0,2700.0
982,MYSURU,29/10/2019,AVERAGE,18,Quintal,3600.0,3800.0,3750.0
983,MYSURU,30/10/2019,AVERAGE,10,Quintal,3600.0,3800.0,3750.0
984,MYSURU,31/10/2019,AVERAGE,20,Quintal,3600.0,3800.0,3700.0
985,BANGARPET,09/11/2019,AVERAGE,1,Quintal,1800.0,2500.0,2000.0
986,BANGARPET,13/11/2019,AVERAGE,1,Quintal,1800.0,2400.0,2200.0
987,BANGARPET,15/11/2019,AVERAGE,1,Quintal,2800.0,3600.0,3200.0
988,BANGARPET,16/11/2019,AVERAGE,1,Quintal,2800.0,3600.0,3200.0
989,BANGARPET,20/11/2019,AVERAGE,1,Quintal,2500.0,2800.0,2600.0
990,BANGARPET,26/11/2019,AVERAGE,1,Quintal,1500.0,2000.0,1800.0
991,BANGARPET,27/11/2019,AVERAGE,2,Quintal,1200.0,1500.0,1300.0
992,BANGARPET,28/11/2019,AVERAGE,1,Quintal,1500.0,1800.0,1600.0
993,BINNY MILL (F&V),02/11/2019,AVERAGE,108,Quintal,3500.0,4000.0,3800.0
994,BINNY MILL (F&V),04/11/2019,AVERAGE,71,Quintal,3400.0,4000.0,3600.0
995,BINNY MILL (F&V),05/11/2019,AVERAGE,74,Quintal,3500.0,4000.0,3800.0
996,BINNY MILL (F&V),06/11/2019,AVERAGE,94,Quintal,3500.0,4000.0,3800.0
997,BINNY MILL (F&V),07/11/2019,AVERAGE,139,Quintal,3600.0,4000.0,3800.0
998,BINNY MILL (F&V),08/11/2019,AVERAGE,66,Quintal,3500.0,4000.0,3800.0
999,BINNY MILL (F&V),11/11/2019,AVERAGE,130,Quintal,3500.0,4000.0,3800.0
1000,BINNY MILL (F&V),12/11/2019,AVERAGE,86,Quintal,3400.0,4000.0,3800.0
1001,BINNY MILL (F&V),13/11/2019,AVERAGE,63,Quintal,3500.0,4500.0,4000.0
1002,BINNY MILL (F&V),14/11/2019,AVERAGE,72,Quintal,3000.0,4000.0,3500.0
1003,BINNY MILL (F&V),16/11/2019,AVERAGE,189,Quintal,3000.0,4000.0,3500.0
1004,BINNY MILL (F&V),18/11/2019,AVERAGE,191,Quintal,3000.0,4000.0,3500.0
1005,BINNY MILL (F&V),19/11/2019,AVERAGE,71,Quintal,3200.0,3600.0,3400.0
1006,BINNY MILL (F&V),20/11/2019,AVERAGE,84,Quintal,3000.0,3600.0,3300.0
1007,BINNY MILL (F&V),21/11/2019,AVERAGE,86,Quintal,3200.0,3600.0,3400.0
1008,BINNY MILL (F&V),22/11/2019,AVERAGE,81,Quintal,3200.0,3600.0,3400.0
1009,BINNY MILL (F&V),25/11/2019,AVERAGE,86,Quintal,3200.0,3600.0,3300.0
1010,BINNY MILL (F&V),26/11/2019,AVERAGE,58,Quintal,3200.0,3600.0,3400.0
1011,BINNY MILL (F&V),27/11/2019,AVERAGE,74,Quintal,3000.0,3200.0,3100.0
1012,BINNY MILL (F&V),28/11/2019,AVERAGE,86,Quintal,3200.0,3500.0,3400.0
1013,BINNY MILL (F&V),29/11/2019,AVERAGE,82,Quintal,3000.0,3600.0,3300.0
1014,BINNY MILL (F&V),30/11/2019,AVERAGE,107,Quintal,3200.0,3500.0,3400.0
1015,CHICKBALLAPUR,01/11/2019,AVERAGE,49,Quintal,2500.0,3000.0,2750.0
1016,CHICKBALLAPUR,02/11/2019,AVERAGE,24,Quintal,2000.0,3000.0,2500.0
1017,CHICKBALLAPUR,03/11/2019,AVERAGE,28,Quintal,2000.0,3000.0,2500.0
1018,CHICKBALLAPUR,04/11/2019,AVERAGE,61,Quintal,1200.0,1400.0,1300.0
1019,CHICKBALLAPUR,05/11/2019,AVERAGE,40,Quintal,2000.0,3000.0,2500.0
1020,CHICKBALLAPUR,06/11/2019,AVERAGE,53,Quintal,2000.0,3000.0,2500.0
1021,CHICKBALLAPUR,08/11/2019,AVERAGE,48,Quintal,2000.0,2500.0,2250.0
1022,CHICKBALLAPUR,09/11/2019,AVERAGE,10,Quintal,2000.0,2400.0,2200.0
1023,CHICKBALLAPUR,10/11/2019,AVERAGE,21,Quintal,2000.0,2500.0,2250.0
1024,CHICKBALLAPUR,11/11/2019,AVERAGE,20,Quintal,2500.0,3600.0,3050.0
1025,CHICKBALLAPUR,12/11/2019,AVERAGE,57,Quintal,2500.0,3000.0,2750.0
1026,CHICKBALLAPUR,13/11/2019,AVERAGE,25,Quintal,2500.0,3600.0,3050.0
1027,CHICKBALLAPUR,15/11/2019,AVERAGE,29,Quintal,2500.0,3400.0,3000.0
1028,CHICKBALLAPUR,16/11/2019,AVERAGE,31,Quintal,2500.0,3500.0,3000.0
1029,CHICKBALLAPUR,17/11/2019,AVERAGE,30,Quintal,2500.0,3400.0,3000.0
1030,CHICKBALLAPUR,18/11/2019,AVERAGE,17,Quintal,2500.0,3800.0,3050.0
1031,CHICKBALLAPUR,19/11/2019,AVERAGE,83,Quintal,2500.0,3000.0,2750.0
1032,CHICKBALLAPUR,20/11/2019,AVERAGE,38,Quintal,2500.0,2900.0,2650.0
1033,CHICKBALLAPUR,22/11/2019,AVERAGE,93,Quintal,2000.0,2600.0,2300.0
1034,CHICKBALLAPUR,23/11/2019,AVERAGE,50,Quintal,2500.0,3000.0,2750.0
1035,CHICKBALLAPUR,24/11/2019,AVERAGE,59,Quintal,2500.0,2800.0,2650.0
1036,CHICKBALLAPUR,25/11/2019,AVERAGE,28,Quintal,2500.0,2800.0,2650.0
1037,CHICKBALLAPUR,26/11/2019,AVERAGE,45,Quintal,2000.0,2500.0,2250.0
1038,CHICKBALLAPUR,27/11/2019,AVERAGE,25,Quintal,2000.0,2400.0,2200.0
1039,CHICKBALLAPUR,29/11/2019,AVERAGE,30,Quintal,2000.0,2500.0,2250.0
1040,CHICKBALLAPUR,30/11/2019,AVERAGE,63,Quintal,1800.0,2000.0,1900.0
1041,KOLAR,01/11/2019,AVERAGE,70,Quintal,3000.0,3500.0,3300.0
1042,KOLAR,03/11/2019,AVERAGE,56,Quintal,2500.0,3000.0,2700.0
1043,KOLAR,04/11/2019,AVERAGE,45,Quintal,2500.0,3000.0,2700.0
1044,KOLAR,05/11/2019,AVERAGE,55,Quintal,2500.0,3000.0,2700.0
1045,KOLAR,06/11/2019,AVERAGE,56,Quintal,2500.0,3000.0,2700.0
1046,KOLAR,07/11/2019,AVERAGE,56,Quintal,2000.0,3000.0,2500.0
1047,KOLAR,08/11/2019,AVERAGE,70,Quintal,2500.0,3000.0,2700.0
1048,KOLAR,10/11/2019,AVERAGE,40,Quintal,2500.0,3000.0,2700.0
1049,KOLAR,11/11/2019,AVERAGE,45,Quintal,3000.0,3500.0,3300.0
1050,KOLAR,12/11/2019,AVERAGE,75,Quintal,3000.0,3300.0,3100.0
1051,KOLAR,13/11/2019,AVERAGE,91,Quintal,3000.0,3500.0,3300.0
1052,KOLAR,15/11/2019,AVERAGE,20,Quintal,3000.0,4000.0,3500.0
1053,KOLAR,17/11/2019,AVERAGE,91,Quintal,3000.0,3500.0,3300.0
1054,KOLAR,18/11/2019,AVERAGE,34,Quintal,3000.0,3500.0,3300.0
1055,KOLAR,19/11/2019,AVERAGE,84,Quintal,2500.0,3000.0,2700.0
1056,KOLAR,20/11/2019,AVERAGE,35,Quintal,2500.0,3000.0,2700.0
1057,KOLAR,21/11/2019,AVERAGE,62,Quintal,2500.0,3000.0,2700.0
1058,KOLAR,22/11/2019,AVERAGE,64,Quintal,2000.0,3000.0,2500.0
1059,KOLAR,24/11/2019,AVERAGE,30,Quintal,2000.0,2500.0,2300.0
1060,KOLAR,25/11/2019,AVERAGE,60,Quintal,2000.0,2500.0,2300.0
1061,KOLAR,26/11/2019,AVERAGE,77,Quintal,2000.0,2500.0,2300.0
1062,KOLAR,27/11/2019,AVERAGE,65,Quintal,1500.0,2500.0,2000.0
1063,KOLAR,28/11/2019,AVERAGE,60,Quintal,2000.0,2500.0,2300.0
1064,KOLAR,29/11/2019,AVERAGE,95,Quintal,2000.0,2500.0,2300.0
1065,MYSURU,01/11/2019,AVERAGE,15,Quintal,3600.0,3800.0,3750.0
1066,MYSURU,03/11/2019,AVERAGE,18,Quintal,3800.0,4000.0,3900.0
1067,MYSURU,04/11/2019,AVERAGE,20,Quintal,3800.0,4000.0,3900.0
1068,MYSURU,05/11/2019,AVERAGE,30,Quintal,3800.0,4000.0,3900.0
1069,MYSURU,06/11/2019,AVERAGE,22,Quintal,3600.0,3800.0,3700.0
1070,MYSURU,07/11/2019,AVERAGE,32,Quintal,3600.0,3800.0,3700.0
1071,MYSURU,08/11/2019,AVERAGE,20,Quintal,3600.0,3800.0,3750.0
1072,MYSURU,10/11/2019,AVERAGE,30,Quintal,3600.0,3800.0,3700.0
1073,MYSURU,11/11/2019,AVERAGE,19,Quintal,3600.0,3800.0,3750.0
1074,MYSURU,12/11/2019,AVERAGE,27,Quintal,3600.0,3800.0,3700.0
1075,MYSURU,13/11/2019,AVERAGE,22,Quintal,3600.0,3800.0,3750.0
1076,MYSURU,14/11/2019,AVERAGE,31,Quintal,3600.0,3800.0,3700.0
1077,MYSURU,15/11/2019,AVERAGE,26,Quintal,3600.0,3800.0,3700.0
1078,MYSURU,17/11/2019,AVERAGE,36,Quintal,3600.0,3800.0,3700.0
1079,MYSURU,18/11/2019,AVERAGE,24,Quintal,3600.0,3800.0,3700.0
1080,MYSURU,20/11/2019,AVERAGE,26,Quintal,3400.0,3600.0,3500.0
1081,MYSURU,21/11/2019,AVERAGE,31,Quintal,3400.0,3600.0,3500.0
1082,MYSURU,22/11/2019,AVERAGE,25,Quintal,3200.0,3400.0,3350.0
1083,MYSURU,24/11/2019,AVERAGE,35,Quintal,3000.0,3200.0,3100.0
1084,MYSURU,25/11/2019,AVERAGE,30,Quintal,3000.0,3200.0,3100.0
1085,MYSURU,26/11/2019,AVERAGE,40,Quintal,3000.0,3200.0,3100.0
1086,MYSURU,27/11/2019,AVERAGE,35,Quintal,2800.0,3000.0,2900.0
1087,MYSURU,29/11/2019,AVERAGE,38,Quintal,2300.0,2500.0,2400.0
1088,BANGARPET,02/12/2019,AVERAGE,2,Quintal,1000.0,1500.0,1200.0
1089,BANGARPET,07/12/2019,AVERAGE,2,Quintal,1200.0,1800.0,1300.0
1090,BANGARPET,09/12/2019,AVERAGE,3,Quintal,1200.0,2000.0,1800.0
1091,BANGARPET,11/12/2019,AVERAGE,1,Quintal,1300.0,2000.0,1700.0
1092,BANGARPET,12/12/2019,AVERAGE,2,Quintal,2000.0,2800.0,2500.0
1093,BANGARPET,13/12/2019,AVERAGE,1,Quintal,1500.0,2000.0,1800.0
1094,BANGARPET,16/12/2019,AVERAGE,2,Quintal,1500.0,2200.0,2000.0
1095,BANGARPET,23/12/2019,AVERAGE,5,Quintal,1500.0,2000.0,1800.0
1096,BANGARPET,27/12/2019,AVERAGE,1,Quintal,1500.0,2000.0,1800.0
1097,BANGARPET,30/12/2019,AVERAGE,1,Quintal,1800.0,2000.0,1900.0
1098,BANGARPET,31/12/2019,AVERAGE,1,Quintal,1000.0,1300.0,1100.0
1099,BINNY MILL (F&V),02/12/2019,AVERAGE,90,Quintal,3200.0,3800.0,3500.0
1100,BINNY MILL (F&V),03/12/2019,AVERAGE,115,Quintal,3000.0,3600.0,3300.0
1101,BINNY MILL (F&V),04/12/2019,AVERAGE,116,Quintal,3000.0,3400.0,3000.0
1102,BINNY MILL (F&V),05/12/2019,AVERAGE,88,Quintal,2800.0,3400.0,3200.0
1103,BINNY MILL (F&V),06/12/2019,AVERAGE,100,Quintal,2600.0,3200.0,3000.0
1104,BINNY MILL (F&V),07/12/2019,AVERAGE,96,Quintal,2800.0,3200.0,3000.0
1105,BINNY MILL (F&V),09/12/2019,AVERAGE,103,Quintal,2800.0,3200.0,3000.0
1106,BINNY MILL (F&V),10/12/2019,AVERAGE,60,Quintal,2800.0,3400.0,3200.0
1107,BINNY MILL (F&V),11/12/2019,AVERAGE,64,Quintal,2800.0,3500.0,3200.0
1108,BINNY MILL (F&V),12/12/2019,AVERAGE,78,Quintal,2800.0,3400.0,3200.0
1109,BINNY MILL (F&V),13/12/2019,AVERAGE,102,Quintal,2800.0,3200.0,3000.0
1110,BINNY MILL (F&V),16/12/2019,AVERAGE,95,Quintal,2800.0,3200.0,3000.0
1111,BINNY MILL (F&V),17/12/2019,AVERAGE,64,Quintal,3000.0,3400.0,3200.0
1112,BINNY MILL (F&V),18/12/2019,AVERAGE,48,Quintal,2800.0,3200.0,3000.0
1113,BINNY MILL (F&V),19/12/2019,AVERAGE,72,Quintal,3000.0,3400.0,3200.0
1114,BINNY MILL (F&V),20/12/2019,AVERAGE,121,Quintal,3000.0,3200.0,3100.0
1115,BINNY MILL (F&V),21/12/2019,AVERAGE,110,Quintal,2800.0,3200.0,3000.0
1116,BINNY MILL (F&V),23/12/2019,AVERAGE,107,Quintal,3000.0,3200.0,3100.0
1117,BINNY MILL (F&V),24/12/2019,AVERAGE,99,Quintal,2800.0,3200.0,3000.0
1118,BINNY MILL (F&V),26/12/2019,AVERAGE,98,Quintal,3000.0,3400.0,3200.0
1119,BINNY MILL (F&V),27/12/2019,AVERAGE,68,Quintal,2800.0,3200.0,3000.0
1120,BINNY MILL (F&V),30/12/2019,AVERAGE,191,Quintal,2600.0,3000.0,2800.0
1121,BINNY MILL (F&V),31/12/2019,AVERAGE,107,Quintal,2500.0,3000.0,2800.0
1122,CHICKBALLAPUR,01/12/2019,AVERAGE,70,Quintal,2000.0,2300.0,2150.0
1123,CHICKBALLAPUR,02/12/2019,AVERAGE,38,Quintal,1800.0,2000.0,1900.0
1124,CHICKBALLAPUR,03/12/2019,AVERAGE,63,Quintal,2000.0,2500.0,2250.0
1125,CHICKBALLAPUR,04/12/2019,AVERAGE,63,Quintal,1800.0,2000.0,1900.0
1126,CHICKBALLAPUR,06/12/2019,AVERAGE,31,Quintal,1800.0,2000.0,1900.0
1127,CHICKBALLAPUR,07/12/2019,AVERAGE,18,Quintal,1800.0,2000.0,1900.0
1128,CHICKBALLAPUR,08/12/2019,AVERAGE,38,Quintal,1800.0,2000.0,1900.0
1129,CHICKBALLAPUR,09/12/2019,AVERAGE,30,Quintal,1800.0,2000.0,1900.0
1130,CHICKBALLAPUR,10/12/2019,AVERAGE,105,Quintal,1700.0,2000.0,1850.0
1131,CHICKBALLAPUR,11/12/2019,AVERAGE,30,Quintal,1700.0,2000.0,1850.0
1132,CHICKBALLAPUR,13/12/2019,AVERAGE,44,Quintal,1800.0,2000.0,1900.0
1133,CHICKBALLAPUR,14/12/2019,AVERAGE,53,Quintal,1800.0,2200.0,2000.0
1134,CHICKBALLAPUR,15/12/2019,AVERAGE,24,Quintal,1800.0,2200.0,2000.0
1135,CHICKBALLAPUR,16/12/2019,AVERAGE,38,Quintal,1800.0,2000.0,1900.0
1136,CHICKBALLAPUR,17/12/2019,AVERAGE,43,Quintal,1800.0,2000.0,1900.0
1137,CHICKBALLAPUR,18/12/2019,AVERAGE,28,Quintal,1800.0,2200.0,2000.0
1138,CHICKBALLAPUR,20/12/2019,AVERAGE,58,Quintal,1500.0,2000.0,1750.0
1139,CHICKBALLAPUR,21/12/2019,AVERAGE,50,Quintal,1500.0,1800.0,1650.0
1140,CHICKBALLAPUR,22/12/2019,AVERAGE,25,Quintal,1600.0,2000.0,1800.0
1141,CHICKBALLAPUR,23/12/2019,AVERAGE,20,Quintal,1800.0,2200.0,2000.0
1142,CHICKBALLAPUR,24/12/2019,AVERAGE,57,Quintal,2000.0,2200.0,2000.0
1143,CHICKBALLAPUR,25/12/2019,AVERAGE,27,Quintal,1800.0,2000.0,1900.0
1144,CHICKBALLAPUR,27/12/2019,AVERAGE,31,Quintal,1500.0,24000.0,2000.0
1145,CHICKBALLAPUR,28/12/2019,AVERAGE,27,Quintal,2000.0,2400.0,2200.0
1146,CHICKBALLAPUR,29/12/2019,AVERAGE,46,Quintal,1800.0,2200.0,2000.0
1147,CHICKBALLAPUR,30/12/2019,AVERAGE,64,Quintal,1800.0,2200.0,2000.0
1148,CHICKBALLAPUR,31/12/2019,AVERAGE,45,Quintal,1000.0,1500.0,1200.0
1149,KOLAR,01/12/2019,AVERAGE,55,Quintal,2000.0,2200.0,2100.0
1150,KOLAR,02/12/2019,AVERAGE,70,Quintal,1500.0,2500.0,2000.0
1151,KOLAR,03/12/2019,AVERAGE,42,Quintal,1500.0,2500.0,2000.0
1152,KOLAR,04/12/2019,AVERAGE,77,Quintal,2000.0,2200.0,2100.0
1153,KOLAR,05/12/2019,AVERAGE,62,Quintal,1800.0,2300.0,2000.0
1154,KOLAR,06/12/2019,AVERAGE,57,Quintal,1500.0,2000.0,1700.0
1155,KOLAR,08/12/2019,AVERAGE,68,Quintal,1800.0,2000.0,1900.0
1156,KOLAR,09/12/2019,AVERAGE,60,Quintal,1500.0,2200.0,1800.0
1157,KOLAR,10/12/2019,AVERAGE,70,Quintal,1500.0,2200.0,1900.0
1158,KOLAR,11/12/2019,AVERAGE,40,Quintal,1500.0,2200.0,1900.0
1159,KOLAR,12/12/2019,AVERAGE,66,Quintal,2500.0,3000.0,2700.0
1160,KOLAR,13/12/2019,AVERAGE,55,Quintal,2000.0,2300.0,2100.0
1161,KOLAR,15/12/2019,AVERAGE,35,Quintal,2000.0,2500.0,2300.0
1162,KOLAR,16/12/2019,AVERAGE,70,Quintal,2000.0,2500.0,2300.0
1163,KOLAR,17/12/2019,AVERAGE,50,Quintal,2000.0,2500.0,2300.0
1164,KOLAR,18/12/2019,AVERAGE,45,Quintal,2200.0,2700.0,2500.0
1165,KOLAR,19/12/2019,AVERAGE,22,Quintal,2000.0,2500.0,2300.0
1166,KOLAR,20/12/2019,AVERAGE,43,Quintal,2000.0,2500.0,2300.0
1167,KOLAR,22/12/2019,AVERAGE,58,Quintal,2000.0,2500.0,2300.0
1168,KOLAR,23/12/2019,AVERAGE,41,Quintal,2000.0,2500.0,2300.0
1169,KOLAR,24/12/2019,AVERAGE,47,Quintal,2000.0,2500.0,2200.0
1170,KOLAR,25/12/2019,AVERAGE,49,Quintal,2000.0,2300.0,2100.0
1171,KOLAR,26/12/2019,AVERAGE,65,Quintal,2000.0,2500.0,2300.0
1172,KOLAR,27/12/2019,AVERAGE,37,Quintal,2200.0,2500.0,2300.0
1173,KOLAR,29/12/2019,AVERAGE,105,Quintal,2000.0,2500.0,2300.0
1174,KOLAR,30/12/2019,AVERAGE,45,Quintal,2000.0,2200.0,2100.0
1175,MYSURU,01/12/2019,AVERAGE,47,Quintal,2000.0,2300.0,2250.0
1176,MYSURU,02/12/2019,AVERAGE,37,Quintal,2000.0,2300.0,2200.0
1177,MYSURU,03/12/2019,AVERAGE,42,Quintal,2000.0,2300.0,2100.0
1178,MYSURU,04/12/2019,AVERAGE,34,Quintal,2000.0,2300.0,2200.0
1179,MYSURU,05/12/2019,AVERAGE,39,Quintal,2000.0,2200.0,2100.0
1180,MYSURU,06/12/2019,AVERAGE,31,Quintal,2000.0,2200.0,2100.0
1181,MYSURU,08/12/2019,AVERAGE,40,Quintal,2000.0,2200.0,2100.0
1182,MYSURU,09/12/2019,AVERAGE,35,Quintal,2000.0,2200.0,2100.0
1183,MYSURU,10/12/2019,AVERAGE,45,Quintal,2200.0,2400.0,2350.0
1184,MYSURU,11/12/2019,AVERAGE,39,Quintal,2400.0,2600.0,2500.0
1185,MYSURU,12/12/2019,AVERAGE,47,Quintal,2000.0,2600.0,2300.0
1186,MYSURU,13/12/2019,AVERAGE,39,Quintal,2400.0,2600.0,2500.0
1187,MYSURU,15/12/2019,AVERAGE,44,Quintal,2400.0,2600.0,2500.0
1188,MYSURU,16/12/2019,AVERAGE,15,Quintal,2400.0,2600.0,2500.0
1189,MYSURU,17/12/2019,AVERAGE,48,Quintal,2400.0,2600.0,2500.0
1190,MYSURU,18/12/2019,AVERAGE,43,Quintal,2400.0,2600.0,2500.0
1191,MYSURU,19/12/2019,AVERAGE,53,Quintal,2400.0,2600.0,2500.0
1192,MYSURU,20/12/2019,AVERAGE,48,Quintal,2400.0,2600.0,2500.0
1193,MYSURU,22/12/2019,AVERAGE,57,Quintal,2400.0,2600.0,2500.0
1194,MYSURU,23/12/2019,AVERAGE,46,Quintal,2400.0,2600.0,2500.0
1195,MYSURU,24/12/2019,AVERAGE,56,Quintal,2400.0,2600.0,2500.0
1196,MYSURU,25/12/2019,AVERAGE,51,Quintal,2400.0,2600.0,2500.0
1197,MYSURU,26/12/2019,AVERAGE,61,Quintal,2400.0,2600.0,2500.0
1198,MYSURU,27/12/2019,AVERAGE,55,Quintal,2400.0,2600.0,2500.0
1199,MYSURU,29/12/2019,AVERAGE,63,Quintal,2300.0,2600.0,2400.0
1200,MYSURU,30/12/2019,AVERAGE,54,Quintal,2400.0,2600.0,2550.0
1201,MYSURU,31/12/2019,AVERAGE,60,Quintal,2400.0,2600.0,2500.0
